Employee_ID,Employee_Name,Department,Tasks_Completed,Task_Completion_Time,Hours_Worked,Productivity_Score,Date,Performance_Rating
E1000,John Doe,IT,50,4.42,30,89.55,01-01-2023,Good
E1001,David Wilson,Finance,29,1.54,49,92.96,02-01-2023,Excellent
E1002,Olivia Thomas,IT,50,4.33,47,77.51,03-01-2023,Good
E1003,Sarah Lee,Sales,45,1.2,37,79.97,04-01-2023,Good
E1004,Jane Smith,Marketing,23,4.14,44,90.98,05-01-2023,Excellent
E1005,David Wilson,Marketing,47,3.17,50,94.38,06-01-2023,Excellent
E1006,James Anderson,Sales,13,0.63,37,99.85,07-01-2023,Excellent
E1007,Emily Davis,Finance,33,3.6,43,67.43,08-01-2023,Average
E1008,Emily Davis,HR,38,0.54,48,63.99,09-01-2023,Average
E1009,David Wilson,Sales,20,3.17,36,77.37,10-01-2023,Good
E1010,James Anderson,Marketing,47,0.54,45,70.37,11-01-2023,Average
E1011,Sophia Martinez,Sales,10,1.64,42,60.84,12-01-2023,Average
E1012,David Wilson,Finance,26,2.38,50,99.9,13-01-2023,Excellent
E1013,Michael Johnson,Sales,45,2.55,46,91.94,14-01-2023,Excellent
E1014,Jane Smith,HR,37,4.94,45,65.97,15-01-2023,Average
E1015,Sarah Lee,Finance,33,4.98,45,78.04,16-01-2023,Good
E1016,James Anderson,HR,22,0.79,41,98.12,17-01-2023,Excellent
E1017,Jane Smith,Sales,32,2.37,31,94.22,18-01-2023,Excellent
E1018,Robert Brown,Marketing,10,2.78,42,64.75,19-01-2023,Average
E1019,Robert Brown,Finance,46,3.61,41,60.91,20-01-2023,Average
E1020,Michael Johnson,Sales,40,4.94,50,66.14,21-01-2023,Average
E1021,Robert Brown,Sales,10,2.69,34,76.14,22-01-2023,Good
E1022,Robert Brown,HR,46,2.26,31,85.51,23-01-2023,Good
E1023,Emily Davis,Marketing,26,4.52,32,68.2,24-01-2023,Average
E1024,Sarah Lee,Sales,10,1.04,37,94.85,25-01-2023,Excellent
E1025,Michael Johnson,HR,24,4.79,46,81.21,26-01-2023,Good
E1026,Michael Johnson,Finance,49,4.74,43,68.9,27-01-2023,Average
E1027,John Doe,HR,32,4.94,41,76.48,28-01-2023,Good
E1028,James Anderson,HR,25,4.99,33,62.71,29-01-2023,Average
E1029,David Wilson,Sales,12,0.65,45,66.68,30-01-2023,Average
E1030,Robert Brown,IT,47,1.45,39,61.29,31-01-2023,Average
E1031,David Wilson,HR,27,4.55,34,94.68,01-02-2023,Excellent
E1032,Emily Davis,IT,47,3.86,45,75.58,02-02-2023,Good
E1033,Olivia Thomas,Finance,50,0.79,41,70.09,03-02-2023,Average
E1034,Olivia Thomas,IT,11,4.89,40,94.46,04-02-2023,Excellent
E1035,Sarah Lee,Finance,17,4.31,49,96.1,05-02-2023,Excellent
E1036,Robert Brown,IT,32,4.21,45,74.29,06-02-2023,Average
E1037,Michael Johnson,Marketing,34,2.04,39,93.7,07-02-2023,Excellent
E1038,Sarah Lee,HR,28,3.03,38,88.02,08-02-2023,Good
E1039,Olivia Thomas,HR,49,2.94,37,75.89,09-02-2023,Good
E1040,James Anderson,HR,19,3.5,50,95.46,10-02-2023,Excellent
E1041,Sarah Lee,Marketing,18,2.88,42,75.88,11-02-2023,Good
E1042,James Anderson,Finance,41,1.98,45,92.01,12-02-2023,Excellent
E1043,David Wilson,IT,17,4.23,37,62.96,13-02-2023,Average
E1044,Emily Davis,Finance,31,0.88,49,63.83,14-02-2023,Average
E1045,James Anderson,Finance,21,1.52,31,74.99,15-02-2023,Average
E1046,Jane Smith,HR,36,2.55,44,94.74,16-02-2023,Excellent
E1047,Michael Johnson,Finance,43,2.76,46,94.47,17-02-2023,Excellent
E1048,Robert Brown,IT,46,2.1,41,87.04,18-02-2023,Good
E1049,James Anderson,Marketing,26,2.95,31,91.68,19-02-2023,Excellent
E1050,Jane Smith,Marketing,28,2.06,39,98.18,20-02-2023,Excellent
E1051,Sophia Martinez,IT,38,1.86,36,64.66,21-02-2023,Average
E1052,Jane Smith,IT,38,1.73,41,91.21,22-02-2023,Excellent
E1053,Michael Johnson,HR,19,0.87,32,78.67,23-02-2023,Good
E1054,Emily Davis,Finance,37,2.83,50,60.76,24-02-2023,Average
E1055,Jane Smith,Finance,39,2.03,31,71.35,25-02-2023,Average
E1056,James Anderson,Marketing,36,2.32,39,71.31,26-02-2023,Average
E1057,James Anderson,IT,18,2.56,46,87.17,27-02-2023,Good
E1058,Robert Brown,IT,13,0.76,44,85.14,28-02-2023,Good
E1059,David Wilson,HR,15,1.9,47,61.04,01-03-2023,Average
E1060,Jane Smith,Marketing,21,0.67,31,68.62,02-03-2023,Average
E1061,John Doe,IT,32,2.25,44,75.89,03-03-2023,Good
E1062,Sophia Martinez,Sales,20,0.78,50,70.75,04-03-2023,Average
E1063,Jane Smith,IT,33,1.03,48,73.67,05-03-2023,Average
E1064,John Doe,IT,15,1.56,36,93.12,06-03-2023,Excellent
E1065,Sarah Lee,IT,25,0.66,47,93.31,07-03-2023,Excellent
E1066,Jane Smith,Marketing,23,4.95,41,67.87,08-03-2023,Average
E1067,Emily Davis,Marketing,24,2.64,40,80.14,09-03-2023,Good
E1068,Robert Brown,Marketing,47,3.6,47,60.02,10-03-2023,Average
E1069,Olivia Thomas,IT,47,4.47,39,69.81,11-03-2023,Average
E1070,Olivia Thomas,Sales,32,2.23,44,81.24,12-03-2023,Good
E1071,Sophia Martinez,IT,28,3.25,46,63.82,13-03-2023,Average
E1072,Robert Brown,Marketing,44,2.99,36,87.09,14-03-2023,Good
E1073,Robert Brown,Marketing,48,3.19,41,68.98,15-03-2023,Average
E1074,Sarah Lee,IT,49,4.83,42,69.03,16-03-2023,Average
E1075,Emily Davis,IT,31,0.55,42,95.42,17-03-2023,Excellent
E1076,John Doe,IT,16,2.64,43,68.23,18-03-2023,Average
E1077,James Anderson,IT,10,1.04,50,61.44,19-03-2023,Average
E1078,Olivia Thomas,Sales,43,1.01,48,86.79,20-03-2023,Good
E1079,Sarah Lee,Finance,17,4.59,35,94.16,21-03-2023,Excellent
E1080,Jane Smith,HR,16,2,42,68.23,22-03-2023,Average
E1081,Michael Johnson,HR,38,2.55,30,72.34,23-03-2023,Average
E1082,David Wilson,Marketing,19,3.71,34,90.02,24-03-2023,Excellent
E1083,Sophia Martinez,Finance,22,1.93,31,62.16,25-03-2023,Average
E1084,Sophia Martinez,IT,30,4.45,41,98.05,26-03-2023,Excellent
E1085,Olivia Thomas,HR,28,2.33,33,74.41,27-03-2023,Average
E1086,Olivia Thomas,Sales,20,3.12,43,75.52,28-03-2023,Good
E1087,John Doe,HR,35,4.37,30,68.2,29-03-2023,Average
E1088,James Anderson,Finance,50,3.03,41,81.2,30-03-2023,Good
E1089,Sarah Lee,Finance,28,2.22,48,76.25,31-03-2023,Good
E1090,Robert Brown,Finance,34,2.6,43,72.47,01-04-2023,Average
E1091,Michael Johnson,Marketing,11,2.49,49,73.64,02-04-2023,Average
E1092,Sophia Martinez,Marketing,43,1.91,43,94.61,03-04-2023,Excellent
E1093,Jane Smith,IT,21,0.7,47,86.78,04-04-2023,Good
E1094,Olivia Thomas,IT,25,3.17,32,63.38,05-04-2023,Average
E1095,Sarah Lee,Sales,37,0.52,46,98.47,06-04-2023,Excellent
E1096,Olivia Thomas,Sales,12,2.32,45,81.84,07-04-2023,Good
E1097,Emily Davis,Marketing,45,2.32,32,91.22,08-04-2023,Excellent
E1098,Sophia Martinez,Finance,27,4.23,42,83.22,09-04-2023,Good
E1099,James Anderson,Sales,40,2.56,38,98.85,10-04-2023,Excellent
E1100,Jane Smith,Sales,26,0.51,44,81.48,11-04-2023,Good
E1101,Robert Brown,Marketing,19,2.64,32,79.31,12-04-2023,Good
E1102,Emily Davis,HR,38,0.99,33,62.76,13-04-2023,Average
E1103,John Doe,HR,40,4.22,31,94.68,14-04-2023,Excellent
E1104,David Wilson,IT,46,1.78,39,86.1,15-04-2023,Good
E1105,Michael Johnson,Finance,15,4.69,38,60.67,16-04-2023,Average
E1106,Jane Smith,Marketing,16,2.24,43,90.78,17-04-2023,Excellent
E1107,Robert Brown,IT,26,4.38,40,61.21,18-04-2023,Average
E1108,Jane Smith,IT,46,2.04,31,61.13,19-04-2023,Average
E1109,John Doe,Marketing,36,1.23,41,90.88,20-04-2023,Excellent
E1110,Sarah Lee,Sales,33,4.16,39,90.27,21-04-2023,Excellent
E1111,David Wilson,HR,46,0.94,33,70.22,22-04-2023,Average
E1112,James Anderson,Marketing,42,3.06,38,90.53,23-04-2023,Excellent
E1113,James Anderson,Sales,29,2,47,72.1,24-04-2023,Average
E1114,Olivia Thomas,Sales,47,3.22,35,72.1,25-04-2023,Average
E1115,Sophia Martinez,IT,16,1.92,44,69.81,26-04-2023,Average
E1116,Sophia Martinez,Marketing,18,3.04,49,60.35,27-04-2023,Average
E1117,John Doe,HR,23,2.34,37,87.69,28-04-2023,Good
E1118,Jane Smith,Marketing,26,3.07,35,67.82,29-04-2023,Average
E1119,Olivia Thomas,Finance,41,2.78,47,66.11,30-04-2023,Average
E1120,Sarah Lee,Finance,35,0.93,38,71.31,01-05-2023,Average
E1121,David Wilson,Finance,24,1.67,40,60.43,02-05-2023,Average
E1122,Olivia Thomas,Finance,32,3.65,35,86.31,03-05-2023,Good
E1123,Sarah Lee,IT,35,3.73,49,74.88,04-05-2023,Average
E1124,Olivia Thomas,HR,45,4.21,48,95.74,05-05-2023,Excellent
E1125,Jane Smith,HR,29,3.23,35,95.21,06-05-2023,Excellent
E1126,James Anderson,HR,19,1.81,47,88.56,07-05-2023,Good
E1127,Olivia Thomas,IT,13,1.67,36,89.17,08-05-2023,Good
E1128,Michael Johnson,IT,45,1.05,38,92.82,09-05-2023,Excellent
E1129,David Wilson,HR,47,1.56,49,81.07,10-05-2023,Good
E1130,Olivia Thomas,HR,42,1.42,35,80.52,11-05-2023,Good
E1131,Michael Johnson,Sales,39,0.83,35,61.21,12-05-2023,Average
E1132,Robert Brown,Sales,47,2.6,44,82.68,13-05-2023,Good
E1133,Emily Davis,Finance,31,3.13,38,64.84,14-05-2023,Average
E1134,Robert Brown,HR,19,4.66,46,83.21,15-05-2023,Good
E1135,Emily Davis,Marketing,49,0.58,35,61,16-05-2023,Average
E1136,David Wilson,HR,43,3.86,43,65.84,17-05-2023,Average
E1137,Olivia Thomas,Marketing,16,1.71,45,72.92,18-05-2023,Average
E1138,Sarah Lee,Marketing,30,1.78,38,80.52,19-05-2023,Good
E1139,Sarah Lee,HR,37,1.3,48,69.56,20-05-2023,Average
E1140,David Wilson,Finance,50,3.1,49,89.02,21-05-2023,Good
E1141,Michael Johnson,Finance,36,4.66,43,69.64,22-05-2023,Average
E1142,Sophia Martinez,Finance,49,1.71,35,64.03,23-05-2023,Average
E1143,Robert Brown,HR,16,3.12,49,73.32,24-05-2023,Average
E1144,Olivia Thomas,HR,27,2.09,39,89.11,25-05-2023,Good
E1145,Robert Brown,HR,26,4.07,33,67.58,26-05-2023,Average
E1146,Emily Davis,Marketing,32,2.74,30,70.59,27-05-2023,Average
E1147,Jane Smith,Finance,27,4.28,46,64.17,28-05-2023,Average
E1148,Olivia Thomas,HR,48,2.86,48,95.72,29-05-2023,Excellent
E1149,John Doe,HR,30,2.26,37,70.94,30-05-2023,Average
E1150,Emily Davis,HR,39,1.95,50,82.84,31-05-2023,Good
E1151,John Doe,Finance,35,1.69,42,93.2,01-06-2023,Excellent
E1152,Sarah Lee,Marketing,14,1.53,39,79.25,02-06-2023,Good
E1153,Sarah Lee,Sales,25,3.44,48,61.64,03-06-2023,Average
E1154,Olivia Thomas,Marketing,44,0.5,44,67.84,04-06-2023,Average
E1155,Emily Davis,Finance,32,2.01,30,62.04,05-06-2023,Average
E1156,Robert Brown,IT,26,3.5,42,94.86,06-06-2023,Excellent
E1157,Sophia Martinez,HR,15,2.12,43,94.93,07-06-2023,Excellent
E1158,Michael Johnson,Marketing,23,4.89,46,61.7,08-06-2023,Average
E1159,David Wilson,IT,34,2.69,48,98.67,09-06-2023,Excellent
E1160,Robert Brown,Sales,19,4.38,37,61.41,10-06-2023,Average
E1161,Michael Johnson,IT,41,2.18,41,68.56,11-06-2023,Average
E1162,John Doe,Finance,45,1.85,43,64.36,12-06-2023,Average
E1163,John Doe,Marketing,26,4.9,36,97.8,13-06-2023,Excellent
E1164,Michael Johnson,IT,39,3.46,50,86.25,14-06-2023,Good
E1165,Sarah Lee,Sales,39,1.64,34,83.14,15-06-2023,Good
E1166,Sarah Lee,Finance,49,2.06,41,94.11,16-06-2023,Excellent
E1167,Jane Smith,HR,16,0.87,50,93.23,17-06-2023,Excellent
E1168,Emily Davis,Marketing,19,3.68,48,77.2,18-06-2023,Good
E1169,Olivia Thomas,Sales,48,2.23,32,96.17,19-06-2023,Excellent
E1170,Emily Davis,HR,38,3.78,47,98.06,20-06-2023,Excellent
E1171,Olivia Thomas,Sales,34,3.39,43,75.3,21-06-2023,Good
E1172,Michael Johnson,HR,22,3.21,36,97.06,22-06-2023,Excellent
E1173,Michael Johnson,Marketing,16,1.21,35,82.75,23-06-2023,Good
E1174,James Anderson,Sales,18,2.2,40,69.65,24-06-2023,Average
E1175,Robert Brown,Finance,25,1.97,39,69.34,25-06-2023,Average
E1176,Olivia Thomas,Sales,49,1.53,41,91.47,26-06-2023,Excellent
E1177,Emily Davis,HR,19,3.37,38,61.56,27-06-2023,Average
E1178,David Wilson,IT,50,4.69,44,79.35,28-06-2023,Good
E1179,Sophia Martinez,Marketing,22,1.01,38,80.12,29-06-2023,Good
E1180,Robert Brown,HR,47,4.83,31,91.08,30-06-2023,Excellent
E1181,Jane Smith,IT,17,4.88,39,61.16,01-07-2023,Average
E1182,Sarah Lee,Finance,41,3.44,50,74.52,02-07-2023,Average
E1183,Robert Brown,Finance,24,3.85,33,73.71,03-07-2023,Average
E1184,James Anderson,HR,36,1.27,34,66.55,04-07-2023,Average
E1185,John Doe,Marketing,47,2.1,50,66.75,05-07-2023,Average
E1186,Emily Davis,Sales,12,1,39,74.65,06-07-2023,Average
E1187,John Doe,IT,27,3.09,36,65.74,07-07-2023,Average
E1188,Michael Johnson,Finance,24,2.07,32,83.42,08-07-2023,Good
E1189,Sarah Lee,Finance,30,1.58,45,60.63,09-07-2023,Average
E1190,Robert Brown,IT,46,2.68,37,91.65,10-07-2023,Excellent
E1191,John Doe,Sales,49,1.43,33,95.14,11-07-2023,Excellent
E1192,David Wilson,Marketing,22,2.87,43,79.57,12-07-2023,Good
E1193,Robert Brown,Finance,17,1.65,46,60.49,13-07-2023,Average
E1194,Sophia Martinez,IT,25,4.53,31,74.57,14-07-2023,Average
E1195,Emily Davis,Sales,18,0.51,30,92.57,15-07-2023,Excellent
E1196,Sarah Lee,Sales,21,4.36,38,93.64,16-07-2023,Excellent
E1197,Michael Johnson,IT,39,3.99,44,62.55,17-07-2023,Average
E1198,Robert Brown,Marketing,34,2.9,37,77.93,18-07-2023,Good
E1199,Sophia Martinez,Sales,27,3.02,44,62.68,19-07-2023,Average
E1200,James Anderson,HR,16,3.3,40,91.11,20-07-2023,Excellent
E1201,James Anderson,HR,46,1.97,36,68.99,21-07-2023,Average
E1202,Sarah Lee,Marketing,25,1.13,42,85.25,22-07-2023,Good
E1203,Sophia Martinez,Marketing,42,0.57,50,80.56,23-07-2023,Good
E1204,James Anderson,Finance,41,4.52,33,68.19,24-07-2023,Average
E1205,Jane Smith,IT,46,1.24,38,65.84,25-07-2023,Average
E1206,Jane Smith,IT,20,1.78,50,91.05,26-07-2023,Excellent
E1207,Olivia Thomas,Sales,46,3.26,31,66.55,27-07-2023,Average
E1208,Michael Johnson,HR,42,0.64,33,88.64,28-07-2023,Good
E1209,Emily Davis,Sales,14,4.52,39,71.63,29-07-2023,Average
E1210,John Doe,Finance,10,1.68,34,98.72,30-07-2023,Excellent
E1211,James Anderson,IT,27,3.23,50,88.89,31-07-2023,Good
E1212,Robert Brown,Marketing,25,3.21,32,95.91,01-08-2023,Excellent
E1213,David Wilson,Finance,23,4.61,42,70.58,02-08-2023,Average
E1214,Michael Johnson,Finance,23,4.57,34,94.78,03-08-2023,Excellent
E1215,Sarah Lee,Sales,12,0.82,35,85.68,04-08-2023,Good
E1216,James Anderson,Finance,45,3.06,41,67.19,05-08-2023,Average
E1217,Michael Johnson,IT,16,4.59,33,70.53,06-08-2023,Average
E1218,Sophia Martinez,HR,33,2.44,50,75.64,07-08-2023,Good
E1219,Jane Smith,IT,36,1.3,50,73.71,08-08-2023,Average
E1220,Sarah Lee,HR,13,2.52,36,61.22,09-08-2023,Average
E1221,Sophia Martinez,Marketing,21,2.01,39,66.02,10-08-2023,Average
E1222,Robert Brown,Finance,22,3.4,37,99.2,11-08-2023,Excellent
E1223,John Doe,Sales,50,3.75,31,76.13,12-08-2023,Good
E1224,Michael Johnson,HR,43,1.25,50,96.3,13-08-2023,Excellent
E1225,Sophia Martinez,Marketing,30,1.16,43,89.21,14-08-2023,Good
E1226,David Wilson,IT,14,1.43,32,76.39,15-08-2023,Good
E1227,David Wilson,Finance,22,3.16,30,79.91,16-08-2023,Good
E1228,John Doe,Sales,30,0.92,40,94.37,17-08-2023,Excellent
E1229,Emily Davis,Marketing,32,4.23,38,93.54,18-08-2023,Excellent
E1230,John Doe,IT,39,4.4,32,83,19-08-2023,Good
E1231,David Wilson,HR,47,4.26,34,74.35,20-08-2023,Average
E1232,John Doe,Sales,40,2.77,38,73.04,21-08-2023,Average
E1233,Jane Smith,Sales,18,4.41,30,80.87,22-08-2023,Good
E1234,Jane Smith,Sales,39,1.6,30,96.78,23-08-2023,Excellent
E1235,Robert Brown,HR,26,1.87,45,83.25,24-08-2023,Good
E1236,Olivia Thomas,Marketing,33,2.68,42,87.45,25-08-2023,Good
E1237,Michael Johnson,Sales,13,2.42,45,69.48,26-08-2023,Average
E1238,Olivia Thomas,Finance,37,1.11,38,66.2,27-08-2023,Average
E1239,Olivia Thomas,Sales,31,1.5,43,60.92,28-08-2023,Average
E1240,John Doe,IT,27,2.03,35,92.97,29-08-2023,Excellent
E1241,Robert Brown,HR,18,3.76,37,88.74,30-08-2023,Good
E1242,David Wilson,Finance,18,2.01,45,99.82,31-08-2023,Excellent
E1243,Sarah Lee,Finance,49,1.18,38,94.84,01-09-2023,Excellent
E1244,Emily Davis,IT,37,4.84,47,66.62,02-09-2023,Average
E1245,David Wilson,Marketing,28,1.03,38,86.59,03-09-2023,Good
E1246,Emily Davis,IT,23,1.55,32,99.48,04-09-2023,Excellent
E1247,Michael Johnson,HR,16,1.55,46,60.25,05-09-2023,Average
E1248,James Anderson,IT,43,0.91,49,62.82,06-09-2023,Average
E1249,Michael Johnson,Marketing,49,0.85,37,65.71,07-09-2023,Average
E1250,Michael Johnson,Sales,28,3.02,50,85.39,08-09-2023,Good
E1251,Olivia Thomas,Sales,23,1.04,45,90.66,09-09-2023,Excellent
E1252,David Wilson,Finance,44,2.73,40,80.13,10-09-2023,Good
E1253,Emily Davis,Marketing,10,2.79,45,63.72,11-09-2023,Average
E1254,John Doe,HR,42,4.3,38,82.17,12-09-2023,Good
E1255,Sarah Lee,Marketing,32,1,49,92.23,13-09-2023,Excellent
E1256,Olivia Thomas,Marketing,16,1.23,47,85.53,14-09-2023,Good
E1257,James Anderson,IT,24,0.68,43,62.27,15-09-2023,Average
E1258,Robert Brown,HR,34,1.03,34,79.62,16-09-2023,Good
E1259,Michael Johnson,HR,25,4.66,36,94.86,17-09-2023,Excellent
E1260,Olivia Thomas,Marketing,44,4.31,41,93.95,18-09-2023,Excellent
E1261,Sarah Lee,Sales,26,1.27,31,75.19,19-09-2023,Good
E1262,Jane Smith,IT,44,1.14,30,81.06,20-09-2023,Good
E1263,Olivia Thomas,Finance,25,4.46,31,78.76,21-09-2023,Good
E1264,James Anderson,HR,29,0.71,30,96.18,22-09-2023,Excellent
E1265,Sarah Lee,Finance,35,2.72,30,85.65,23-09-2023,Good
E1266,Olivia Thomas,Marketing,25,4.95,48,72.51,24-09-2023,Average
E1267,Olivia Thomas,HR,33,0.95,30,60.78,25-09-2023,Average
E1268,Sarah Lee,IT,15,4.5,34,67.75,26-09-2023,Average
E1269,Robert Brown,Sales,42,0.52,41,83.38,27-09-2023,Good
E1270,Robert Brown,HR,35,0.92,32,93.46,28-09-2023,Excellent
E1271,Emily Davis,Marketing,41,3.83,46,96.52,29-09-2023,Excellent
E1272,Robert Brown,IT,34,2.19,41,83.21,30-09-2023,Good
E1273,John Doe,HR,17,3.85,44,88.94,01-10-2023,Good
E1274,John Doe,HR,12,1.8,43,82.36,02-10-2023,Good
E1275,John Doe,Sales,32,0.93,33,72.71,03-10-2023,Average
E1276,Sarah Lee,Marketing,13,1.33,41,99.48,04-10-2023,Excellent
E1277,Sarah Lee,Marketing,47,3.78,39,63.81,05-10-2023,Average
E1278,Sarah Lee,HR,25,3.96,30,69.47,06-10-2023,Average
E1279,Emily Davis,HR,22,1,38,71.9,07-10-2023,Average
E1280,Jane Smith,Finance,49,2.57,35,91.4,08-10-2023,Excellent
E1281,James Anderson,HR,13,1.47,45,80.88,09-10-2023,Good
E1282,Sophia Martinez,Marketing,15,0.64,33,67.46,10-10-2023,Average
E1283,Jane Smith,Finance,24,3.49,46,86.4,11-10-2023,Good
E1284,James Anderson,HR,38,4.87,46,76.8,12-10-2023,Good
E1285,James Anderson,HR,13,1.54,50,88.97,13-10-2023,Good
E1286,Sarah Lee,IT,43,4.89,50,85.63,14-10-2023,Good
E1287,Jane Smith,HR,23,4.12,30,71.77,15-10-2023,Average
E1288,John Doe,IT,25,1.97,38,65.28,16-10-2023,Average
E1289,Olivia Thomas,Sales,31,0.79,40,82.91,17-10-2023,Good
E1290,David Wilson,Marketing,11,2.51,30,63.46,18-10-2023,Average
E1291,Michael Johnson,HR,38,3.13,43,99.84,19-10-2023,Excellent
E1292,Jane Smith,Marketing,48,4.2,39,88.62,20-10-2023,Good
E1293,Michael Johnson,HR,47,3.31,45,74.51,21-10-2023,Average
E1294,Emily Davis,Marketing,50,2.7,46,67.99,22-10-2023,Average
E1295,James Anderson,Marketing,17,3.68,47,90.12,23-10-2023,Excellent
E1296,Jane Smith,Sales,15,4.18,43,76,24-10-2023,Good
E1297,James Anderson,Marketing,38,3.33,43,73.66,25-10-2023,Average
E1298,Emily Davis,HR,18,2.48,46,77.83,26-10-2023,Good
E1299,Emily Davis,Marketing,35,3.43,32,78.23,27-10-2023,Good
E1300,Michael Johnson,Sales,49,2.49,47,63.29,28-10-2023,Average
E1301,John Doe,Sales,37,4.8,50,61.86,29-10-2023,Average
E1302,David Wilson,Sales,32,1.86,39,89.27,30-10-2023,Good
E1303,David Wilson,Marketing,25,0.92,49,83.66,31-10-2023,Good
E1304,James Anderson,Sales,14,0.86,33,66,01-11-2023,Average
E1305,Michael Johnson,Finance,50,1.08,46,94.48,02-11-2023,Excellent
E1306,Robert Brown,Marketing,38,2.72,32,98.77,03-11-2023,Excellent
E1307,Sarah Lee,Sales,48,1.93,45,65.42,04-11-2023,Average
E1308,Michael Johnson,HR,21,0.98,46,86.15,05-11-2023,Good
E1309,John Doe,HR,35,4.45,36,77.63,06-11-2023,Good
E1310,David Wilson,HR,21,4.25,45,67.43,07-11-2023,Average
E1311,Emily Davis,Finance,35,3.24,33,83.13,08-11-2023,Good
E1312,Olivia Thomas,Sales,44,4.19,43,95.2,09-11-2023,Excellent
E1313,Sarah Lee,Finance,27,3.17,38,73.86,10-11-2023,Average
E1314,James Anderson,Finance,35,4.14,47,96.95,11-11-2023,Excellent
E1315,Sophia Martinez,Sales,12,1.28,38,79.45,12-11-2023,Good
E1316,James Anderson,Sales,50,4.3,30,69.93,13-11-2023,Average
E1317,Emily Davis,Marketing,40,4.18,39,88.04,14-11-2023,Good
E1318,Jane Smith,Marketing,36,1.44,30,87.54,15-11-2023,Good
E1319,Sophia Martinez,HR,22,4.04,47,97.5,16-11-2023,Excellent
E1320,Sophia Martinez,Marketing,34,4.58,33,77.97,17-11-2023,Good
E1321,Michael Johnson,Finance,39,4.38,45,69.68,18-11-2023,Average
E1322,Jane Smith,Finance,40,4.29,31,78.89,19-11-2023,Good
E1323,Sophia Martinez,IT,25,2.21,30,61.37,20-11-2023,Average
E1324,Michael Johnson,HR,11,4.09,44,86.89,21-11-2023,Good
E1325,Jane Smith,Finance,48,4.42,30,91.42,22-11-2023,Excellent
E1326,Sophia Martinez,HR,19,3.65,48,66.11,23-11-2023,Average
E1327,Robert Brown,HR,18,1.05,42,82.32,24-11-2023,Good
E1328,Emily Davis,Sales,40,4.61,49,73.28,25-11-2023,Average
E1329,Michael Johnson,Finance,16,0.93,32,79.6,26-11-2023,Good
E1330,Jane Smith,Sales,18,2.36,50,81.62,27-11-2023,Good
E1331,Michael Johnson,IT,13,1.48,31,85.61,28-11-2023,Good
E1332,Olivia Thomas,IT,46,1.18,30,67.48,29-11-2023,Average
E1333,Olivia Thomas,Marketing,39,2.93,45,92.78,30-11-2023,Excellent
E1334,Olivia Thomas,Finance,46,4.77,34,80,01-12-2023,Good
E1335,James Anderson,HR,47,2.82,48,69.37,02-12-2023,Average
E1336,Robert Brown,Marketing,22,2.27,43,69.46,03-12-2023,Average
E1337,Sarah Lee,Finance,21,1.92,48,64.2,04-12-2023,Average
E1338,John Doe,HR,41,2.16,39,79.08,05-12-2023,Good
E1339,Emily Davis,Sales,34,4.15,41,89.7,06-12-2023,Good
E1340,Jane Smith,Finance,30,3.96,33,64.85,07-12-2023,Average
E1341,David Wilson,Finance,44,1.09,32,68.06,08-12-2023,Average
E1342,Robert Brown,HR,35,3.24,41,97.07,09-12-2023,Excellent
E1343,Jane Smith,Sales,16,2.81,42,62.66,10-12-2023,Average
E1344,Robert Brown,IT,12,4.63,50,98.57,11-12-2023,Excellent
E1345,Jane Smith,HR,20,3.78,36,74.35,12-12-2023,Average
E1346,John Doe,Finance,46,2.8,37,62.03,13-12-2023,Average
E1347,Jane Smith,Marketing,43,1.61,48,94.92,14-12-2023,Excellent
E1348,Jane Smith,Finance,50,1.29,32,73.94,15-12-2023,Average
E1349,Robert Brown,Marketing,15,4.06,42,81.9,16-12-2023,Good
E1350,James Anderson,IT,32,4.64,46,67.44,17-12-2023,Average
E1351,Olivia Thomas,Finance,44,3.27,42,96.46,18-12-2023,Excellent
E1352,Olivia Thomas,Sales,29,4.61,48,83.85,19-12-2023,Good
E1353,Jane Smith,HR,32,3.66,35,65.18,20-12-2023,Average
E1354,Robert Brown,Sales,12,4.45,39,75.59,21-12-2023,Good
E1355,Jane Smith,HR,46,3.7,44,73.5,22-12-2023,Average
E1356,David Wilson,Marketing,25,4.29,42,74.74,23-12-2023,Average
E1357,David Wilson,Finance,11,1.25,48,71.06,24-12-2023,Average
E1358,Robert Brown,Marketing,13,3.94,37,70.48,25-12-2023,Average
E1359,Jane Smith,HR,18,2.1,38,64.05,26-12-2023,Average
E1360,James Anderson,Finance,26,2.76,44,65.52,27-12-2023,Average
E1361,Olivia Thomas,Marketing,41,0.78,46,79.49,28-12-2023,Good
E1362,Emily Davis,IT,13,3.01,46,67.08,29-12-2023,Average
E1363,David Wilson,HR,23,3.91,38,63.19,30-12-2023,Average
E1364,Robert Brown,Marketing,34,1.36,42,84.89,31-12-2023,Good
E1365,David Wilson,HR,24,1.3,32,66.77,01-01-2024,Average
E1366,Jane Smith,HR,36,1.45,33,73.23,02-01-2024,Average
E1367,James Anderson,HR,32,0.51,38,92.91,03-01-2024,Excellent
E1368,Sarah Lee,HR,26,4.19,39,72.54,04-01-2024,Average
E1369,Sophia Martinez,Marketing,25,0.66,38,71.7,05-01-2024,Average
E1370,John Doe,Marketing,44,3.74,39,77.69,06-01-2024,Good
E1371,Emily Davis,Marketing,24,0.58,40,96.33,07-01-2024,Excellent
E1372,Jane Smith,HR,27,1.33,50,99.69,08-01-2024,Excellent
E1373,James Anderson,IT,45,0.69,47,81.93,09-01-2024,Good
E1374,Sophia Martinez,HR,16,1.5,30,89.17,10-01-2024,Good
E1375,Jane Smith,IT,45,0.9,34,68.08,11-01-2024,Average
E1376,Emily Davis,Finance,17,4.26,39,87.29,12-01-2024,Good
E1377,Emily Davis,Sales,24,4.2,43,75.82,13-01-2024,Good
E1378,David Wilson,Finance,21,3.98,43,72.67,14-01-2024,Average
E1379,John Doe,HR,37,0.58,31,65.13,15-01-2024,Average
E1380,Sophia Martinez,Sales,30,0.52,49,87.27,16-01-2024,Good
E1381,Sophia Martinez,Finance,34,3.38,35,93.84,17-01-2024,Excellent
E1382,Emily Davis,Marketing,36,1.2,36,72.21,18-01-2024,Average
E1383,Michael Johnson,Finance,17,4.36,36,71.45,19-01-2024,Average
E1384,James Anderson,IT,13,3.76,43,73.12,20-01-2024,Average
E1385,Jane Smith,Marketing,30,3.4,49,78.3,21-01-2024,Good
E1386,Robert Brown,HR,38,4.81,34,99.54,22-01-2024,Excellent
E1387,Jane Smith,Sales,22,4.74,34,88.41,23-01-2024,Good
E1388,Olivia Thomas,Marketing,22,4.46,33,62.03,24-01-2024,Average
E1389,Emily Davis,Marketing,11,3.07,41,83.15,25-01-2024,Good
E1390,John Doe,Marketing,11,0.96,38,82.06,26-01-2024,Good
E1391,Olivia Thomas,HR,31,1.47,33,97.47,27-01-2024,Excellent
E1392,Olivia Thomas,IT,33,0.61,47,89.18,28-01-2024,Good
E1393,David Wilson,Sales,11,4.4,42,67.51,29-01-2024,Average
E1394,Michael Johnson,HR,23,2.39,42,97.43,30-01-2024,Excellent
E1395,Michael Johnson,HR,20,1.26,38,86.1,31-01-2024,Good
E1396,James Anderson,HR,13,3.96,38,76.84,01-02-2024,Good
E1397,John Doe,IT,33,3.54,45,81.31,02-02-2024,Good
E1398,David Wilson,HR,18,3.61,41,70.71,03-02-2024,Average
E1399,Sophia Martinez,IT,40,2.78,30,98.72,04-02-2024,Excellent
E1400,Emily Davis,Finance,25,0.61,31,93.31,05-02-2024,Excellent
E1401,David Wilson,IT,12,1.39,46,67.46,06-02-2024,Average
E1402,David Wilson,Finance,46,3.23,43,82.66,07-02-2024,Good
E1403,John Doe,Finance,24,1.22,34,89.85,08-02-2024,Good
E1404,David Wilson,IT,27,4.28,40,70.43,09-02-2024,Average
E1405,John Doe,Marketing,10,1.45,42,74.92,10-02-2024,Average
E1406,Emily Davis,Finance,18,2.08,40,61.05,11-02-2024,Average
E1407,James Anderson,Finance,33,3.4,40,86.56,12-02-2024,Good
E1408,James Anderson,IT,18,3.01,45,97.34,13-02-2024,Excellent
E1409,Michael Johnson,Sales,47,0.9,32,81.35,14-02-2024,Good
E1410,Jane Smith,IT,44,1.15,32,79.43,15-02-2024,Good
E1411,Robert Brown,Finance,10,4.12,39,83.77,16-02-2024,Good
E1412,Robert Brown,Marketing,13,1.6,38,91.24,17-02-2024,Excellent
E1413,Sophia Martinez,Finance,18,4.28,50,86.49,18-02-2024,Good
E1414,Emily Davis,Sales,10,2.42,49,87.27,19-02-2024,Good
E1415,Sophia Martinez,Sales,19,3.94,40,92.01,20-02-2024,Excellent
E1416,John Doe,Sales,46,1.32,47,77.18,21-02-2024,Good
E1417,Jane Smith,Finance,43,0.61,43,69.72,22-02-2024,Average
E1418,Olivia Thomas,Marketing,27,3.07,35,67.05,23-02-2024,Average
E1419,Jane Smith,IT,15,3.42,38,97.46,24-02-2024,Excellent
E1420,Olivia Thomas,Marketing,49,2.43,47,96.21,25-02-2024,Excellent
E1421,David Wilson,HR,31,0.65,31,62.49,26-02-2024,Average
E1422,Sophia Martinez,HR,26,1.11,30,97.75,27-02-2024,Excellent
E1423,Olivia Thomas,IT,17,3.86,42,62.37,28-02-2024,Average
E1424,Olivia Thomas,Sales,24,2.41,35,69.21,29-02-2024,Average
E1425,Jane Smith,IT,13,0.6,42,70.24,01-03-2024,Average
E1426,Sophia Martinez,IT,50,4.34,48,83.88,02-03-2024,Good
E1427,James Anderson,Sales,42,4.22,38,88.51,03-03-2024,Good
E1428,David Wilson,Finance,43,2.44,49,81.99,04-03-2024,Good
E1429,David Wilson,Sales,49,3.66,40,87.21,05-03-2024,Good
E1430,Sarah Lee,Marketing,37,3.63,33,78.41,06-03-2024,Good
E1431,Emily Davis,HR,34,0.84,40,71.86,07-03-2024,Average
E1432,James Anderson,IT,41,3.94,33,61.53,08-03-2024,Average
E1433,Sarah Lee,Sales,32,3.83,46,68.4,09-03-2024,Average
E1434,Jane Smith,HR,45,0.64,48,84.85,10-03-2024,Good
E1435,Michael Johnson,Marketing,16,3.89,49,88.17,11-03-2024,Good
E1436,Olivia Thomas,HR,11,1.6,30,65.93,12-03-2024,Average
E1437,John Doe,HR,13,0.75,43,61.35,13-03-2024,Average
E1438,James Anderson,HR,35,2.38,47,98.69,14-03-2024,Excellent
E1439,David Wilson,Finance,26,4.13,42,64.72,15-03-2024,Average
E1440,Olivia Thomas,Finance,42,3.74,46,90.02,16-03-2024,Excellent
E1441,Sophia Martinez,IT,37,3.85,32,63.46,17-03-2024,Average
E1442,Robert Brown,Marketing,50,1.02,42,77.75,18-03-2024,Good
E1443,Michael Johnson,HR,23,3.6,33,95.15,19-03-2024,Excellent
E1444,David Wilson,Sales,46,2.71,48,70.31,20-03-2024,Average
E1445,David Wilson,Sales,42,3.69,39,73.09,21-03-2024,Average
E1446,Sarah Lee,Marketing,32,1.31,32,61.92,22-03-2024,Average
E1447,James Anderson,Sales,31,0.71,43,92.57,23-03-2024,Excellent
E1448,Sophia Martinez,Marketing,34,2.58,41,67.59,24-03-2024,Average
E1449,Olivia Thomas,IT,42,3.77,37,86.26,25-03-2024,Good
E1450,David Wilson,HR,26,1.05,46,78.89,26-03-2024,Good
E1451,John Doe,Sales,43,3.53,34,62.86,27-03-2024,Average
E1452,John Doe,IT,26,0.58,38,86,28-03-2024,Good
E1453,Emily Davis,Marketing,37,2.96,35,88.45,29-03-2024,Good
E1454,Olivia Thomas,Finance,36,1.58,45,66.99,30-03-2024,Average
E1455,Robert Brown,Finance,17,0.96,35,70.74,31-03-2024,Average
E1456,Sophia Martinez,Marketing,13,2.18,44,79.21,01-04-2024,Good
E1457,David Wilson,IT,25,2.29,36,87.52,02-04-2024,Good
E1458,Michael Johnson,Sales,47,2.48,44,82.15,03-04-2024,Good
E1459,Robert Brown,Marketing,39,1.98,33,61.13,04-04-2024,Average
E1460,Sarah Lee,HR,10,4.1,31,83.27,05-04-2024,Good
E1461,James Anderson,HR,13,4.52,36,94.94,06-04-2024,Excellent
E1462,Michael Johnson,Sales,47,4.88,48,81.82,07-04-2024,Good
E1463,James Anderson,Marketing,39,0.97,46,63.87,08-04-2024,Average
E1464,Olivia Thomas,Marketing,17,4.69,34,62.85,09-04-2024,Average
E1465,John Doe,IT,21,2.94,31,81.94,10-04-2024,Good
E1466,Michael Johnson,HR,44,2.58,43,83.81,11-04-2024,Good
E1467,Emily Davis,Marketing,47,1.88,32,91.99,12-04-2024,Excellent
E1468,Olivia Thomas,HR,50,1.29,40,60.99,13-04-2024,Average
E1469,Olivia Thomas,HR,34,1.52,40,79.01,14-04-2024,Good
E1470,Michael Johnson,HR,12,0.76,45,95.71,15-04-2024,Excellent
E1471,Michael Johnson,Sales,34,2.43,50,68.28,16-04-2024,Average
E1472,John Doe,Marketing,18,1.52,46,99.54,17-04-2024,Excellent
E1473,John Doe,Marketing,16,3.63,36,86.61,18-04-2024,Good
E1474,Robert Brown,Marketing,19,0.85,39,78.33,19-04-2024,Good
E1475,David Wilson,Marketing,20,4.74,35,97.99,20-04-2024,Excellent
E1476,James Anderson,IT,38,4.42,36,99.21,21-04-2024,Excellent
E1477,David Wilson,Finance,31,4.78,48,99.71,22-04-2024,Excellent
E1478,David Wilson,Sales,47,3.39,42,93.44,23-04-2024,Excellent
E1479,Sarah Lee,Finance,49,4.53,45,67.21,24-04-2024,Average
E1480,John Doe,IT,14,2.54,31,78.89,25-04-2024,Good
E1481,Michael Johnson,IT,27,0.63,44,61.2,26-04-2024,Average
E1482,John Doe,IT,26,4.09,36,94.99,27-04-2024,Excellent
E1483,Robert Brown,Sales,45,2.72,35,61.61,28-04-2024,Average
E1484,Michael Johnson,Sales,46,0.96,40,60.27,29-04-2024,Average
E1485,James Anderson,IT,33,1.18,47,65.59,30-04-2024,Average
E1486,Sarah Lee,HR,14,1.67,50,79.5,01-05-2024,Good
E1487,Sarah Lee,Sales,49,2.51,30,89.79,02-05-2024,Good
E1488,Olivia Thomas,Finance,27,4.52,34,65.38,03-05-2024,Average
E1489,David Wilson,Finance,22,1.18,31,82.67,04-05-2024,Good
E1490,Emily Davis,HR,34,2.19,49,80.04,05-05-2024,Good
E1491,Jane Smith,Sales,45,4.93,35,79.85,06-05-2024,Good
E1492,John Doe,IT,41,2.41,37,91.03,07-05-2024,Excellent
E1493,Michael Johnson,HR,12,2.78,32,80.25,08-05-2024,Good
E1494,Michael Johnson,Marketing,28,0.87,50,83.46,09-05-2024,Good
E1495,Michael Johnson,HR,17,1.18,40,69.68,10-05-2024,Average
E1496,Sarah Lee,Finance,15,1.61,37,78.23,11-05-2024,Good
E1497,John Doe,Sales,27,4.28,45,60.93,12-05-2024,Average
E1498,Olivia Thomas,HR,50,2.96,37,73.53,13-05-2024,Average
E1499,James Anderson,IT,37,3.76,32,68.93,14-05-2024,Average
E1500,John Doe,Sales,15,1.33,41,91.88,15-05-2024,Excellent
E1501,David Wilson,Finance,30,2.94,32,92.96,16-05-2024,Excellent
E1502,James Anderson,Sales,15,1.46,32,76.2,17-05-2024,Good
E1503,Jane Smith,IT,47,3.84,48,67.43,18-05-2024,Average
E1504,Emily Davis,Sales,27,1.67,43,81.75,19-05-2024,Good
E1505,James Anderson,Finance,45,4.86,36,77.43,20-05-2024,Good
E1506,Michael Johnson,Marketing,29,0.52,33,60.48,21-05-2024,Average
E1507,John Doe,IT,26,4.85,35,79.82,22-05-2024,Good
E1508,Robert Brown,Sales,19,4.18,30,87.98,23-05-2024,Good
E1509,James Anderson,IT,46,4.37,43,89.8,24-05-2024,Good
E1510,Emily Davis,Marketing,14,3.85,32,85.56,25-05-2024,Good
E1511,Sophia Martinez,HR,28,0.7,45,69.16,26-05-2024,Average
E1512,Olivia Thomas,Marketing,36,4.48,38,91.24,27-05-2024,Excellent
E1513,Jane Smith,Finance,16,3.47,39,72.56,28-05-2024,Average
E1514,Robert Brown,IT,19,3.2,42,92.63,29-05-2024,Excellent
E1515,Olivia Thomas,Finance,46,3.9,42,78.6,30-05-2024,Good
E1516,Emily Davis,Finance,22,4.85,42,69.82,31-05-2024,Average
E1517,David Wilson,Sales,41,1.26,44,74.7,01-06-2024,Average
E1518,James Anderson,Sales,22,3.93,39,81.9,02-06-2024,Good
E1519,Sarah Lee,Finance,27,1.03,50,65.03,03-06-2024,Average
E1520,James Anderson,Marketing,20,3.27,35,62.9,04-06-2024,Average
E1521,Michael Johnson,IT,30,3.93,42,67.42,05-06-2024,Average
E1522,Olivia Thomas,Sales,28,2.43,50,86.56,06-06-2024,Good
E1523,Emily Davis,Finance,24,3.29,43,88.14,07-06-2024,Good
E1524,John Doe,IT,29,4.89,46,71.04,08-06-2024,Average
E1525,David Wilson,Finance,44,3.36,48,89.67,09-06-2024,Good
E1526,John Doe,Finance,32,4.94,43,61.45,10-06-2024,Average
E1527,Olivia Thomas,HR,18,2.71,43,99.1,11-06-2024,Excellent
E1528,Michael Johnson,HR,41,0.62,44,88.2,12-06-2024,Good
E1529,Jane Smith,Sales,44,4.86,32,65.83,13-06-2024,Average
E1530,Sarah Lee,Marketing,50,0.65,50,74.84,14-06-2024,Average
E1531,Robert Brown,Sales,22,3.61,46,71.62,15-06-2024,Average
E1532,John Doe,Sales,47,1.75,46,94.16,16-06-2024,Excellent
E1533,Jane Smith,Sales,45,1.34,41,84.95,17-06-2024,Good
E1534,David Wilson,Marketing,26,3,30,65.51,18-06-2024,Average
E1535,Sophia Martinez,HR,26,2.36,44,77.08,19-06-2024,Good
E1536,Olivia Thomas,Finance,48,2.41,31,68.46,20-06-2024,Average
E1537,James Anderson,Sales,50,1.94,44,89.89,21-06-2024,Good
E1538,Jane Smith,IT,38,2.05,33,79.24,22-06-2024,Good
E1539,James Anderson,Sales,25,2.39,49,84.79,23-06-2024,Good
E1540,Robert Brown,HR,47,4.35,41,62.18,24-06-2024,Average
E1541,John Doe,IT,34,4.83,49,61.38,25-06-2024,Average
E1542,Sarah Lee,Sales,34,4.91,48,68.79,26-06-2024,Average
E1543,Sophia Martinez,HR,19,4.09,45,78.64,27-06-2024,Good
E1544,Robert Brown,Finance,19,0.91,30,95.28,28-06-2024,Excellent
E1545,Sophia Martinez,Marketing,27,4.71,45,91.98,29-06-2024,Excellent
E1546,John Doe,Marketing,42,2.87,40,62.26,30-06-2024,Average
E1547,Olivia Thomas,HR,12,3.83,35,69.61,01-07-2024,Average
E1548,Sarah Lee,Sales,49,3.28,41,92.82,02-07-2024,Excellent
E1549,John Doe,Marketing,12,4.58,49,93.3,03-07-2024,Excellent
E1550,Jane Smith,IT,25,1.45,42,88.15,04-07-2024,Good
E1551,Sophia Martinez,Marketing,20,2.28,38,78.65,05-07-2024,Good
E1552,James Anderson,Marketing,47,1.5,33,80.57,06-07-2024,Good
E1553,Olivia Thomas,HR,25,3.4,46,81.21,07-07-2024,Good
E1554,Sophia Martinez,Finance,41,2.5,47,76.33,08-07-2024,Good
E1555,Emily Davis,IT,37,0.7,50,86.37,09-07-2024,Good
E1556,James Anderson,HR,48,1.41,32,83.16,10-07-2024,Good
E1557,Emily Davis,IT,37,3.15,37,86.48,11-07-2024,Good
E1558,Emily Davis,Finance,44,1.91,46,76.43,12-07-2024,Good
E1559,Olivia Thomas,Marketing,40,4.52,50,77.69,13-07-2024,Good
E1560,Olivia Thomas,HR,22,1.34,32,79.34,14-07-2024,Good
E1561,Michael Johnson,Sales,19,4.36,39,96.38,15-07-2024,Excellent
E1562,John Doe,HR,27,0.73,33,75.78,16-07-2024,Good
E1563,Jane Smith,Sales,26,4.5,40,78.95,17-07-2024,Good
E1564,Sophia Martinez,Marketing,34,1.96,50,85.36,18-07-2024,Good
E1565,Michael Johnson,Marketing,25,2.95,38,94.11,19-07-2024,Excellent
E1566,Jane Smith,HR,36,3.47,31,61.72,20-07-2024,Average
E1567,Michael Johnson,Marketing,23,4.31,46,76.55,21-07-2024,Good
E1568,David Wilson,Sales,24,2.5,36,70.6,22-07-2024,Average
E1569,Robert Brown,Finance,30,4.12,34,99.66,23-07-2024,Excellent
E1570,James Anderson,HR,30,3.79,43,97.79,24-07-2024,Excellent
E1571,Sophia Martinez,HR,22,1.2,36,85.15,25-07-2024,Good
E1572,David Wilson,IT,47,2.7,43,92.76,26-07-2024,Excellent
E1573,Michael Johnson,IT,39,2.26,41,76.36,27-07-2024,Good
E1574,James Anderson,IT,48,4.31,44,78.43,28-07-2024,Good
E1575,Robert Brown,IT,21,0.7,48,60.86,29-07-2024,Average
E1576,Sophia Martinez,IT,27,2.53,44,70.85,30-07-2024,Average
E1577,Jane Smith,IT,29,2.14,40,75.95,31-07-2024,Good
E1578,Olivia Thomas,IT,27,4.22,30,93.89,01-08-2024,Excellent
E1579,Jane Smith,Marketing,39,1.66,36,61.44,02-08-2024,Average
E1580,Sophia Martinez,IT,44,3.68,43,84.31,03-08-2024,Good
E1581,Jane Smith,Finance,36,1.66,38,60.14,04-08-2024,Average
E1582,Jane Smith,IT,46,2.6,40,86.84,05-08-2024,Good
E1583,Emily Davis,Marketing,32,3.77,42,74.38,06-08-2024,Average
E1584,Sarah Lee,Marketing,31,3.48,49,72.58,07-08-2024,Average
E1585,James Anderson,Marketing,17,1.11,42,84.72,08-08-2024,Good
E1586,David Wilson,HR,15,4.17,30,72.53,09-08-2024,Average
E1587,Robert Brown,Sales,35,4.12,45,85.31,10-08-2024,Good
E1588,John Doe,HR,48,3.23,34,67.27,11-08-2024,Average
E1589,Emily Davis,IT,37,1.94,45,84.02,12-08-2024,Good
E1590,Sophia Martinez,Sales,38,3.54,34,75.16,13-08-2024,Good
E1591,Michael Johnson,Sales,39,3.64,32,78.13,14-08-2024,Good
E1592,Sophia Martinez,IT,50,3.24,49,72.22,15-08-2024,Average
E1593,Jane Smith,Sales,13,2.27,50,99.81,16-08-2024,Excellent
E1594,Emily Davis,Finance,45,4.9,30,93.27,17-08-2024,Excellent
E1595,Robert Brown,Sales,14,2.64,48,95.09,18-08-2024,Excellent
E1596,Emily Davis,Marketing,40,1.53,40,93.61,19-08-2024,Excellent
E1597,Robert Brown,Finance,13,3.59,35,96.7,20-08-2024,Excellent
E1598,Olivia Thomas,Finance,23,0.59,42,87.51,21-08-2024,Good
E1599,Jane Smith,Finance,35,4.34,41,73.72,22-08-2024,Average
E1600,James Anderson,HR,50,4.37,32,94.03,23-08-2024,Excellent
E1601,John Doe,IT,28,1.02,32,72.1,24-08-2024,Average
E1602,Michael Johnson,Sales,37,1.73,34,67.28,25-08-2024,Average
E1603,Sarah Lee,HR,25,3.4,47,62.65,26-08-2024,Average
E1604,John Doe,Marketing,31,1.47,41,83.96,27-08-2024,Good
E1605,Olivia Thomas,HR,20,3.36,34,63,28-08-2024,Average
E1606,David Wilson,Sales,33,4.07,44,77.3,29-08-2024,Good
E1607,Michael Johnson,Sales,27,3.5,37,82.17,30-08-2024,Good
E1608,Olivia Thomas,Finance,32,1.33,38,88.7,31-08-2024,Good
E1609,Jane Smith,Marketing,48,0.89,30,84.91,01-09-2024,Good
E1610,John Doe,Marketing,39,4.7,49,60.19,02-09-2024,Average
E1611,Emily Davis,IT,25,4.56,31,69.43,03-09-2024,Average
E1612,Sarah Lee,HR,45,2.77,46,70.77,04-09-2024,Average
E1613,James Anderson,Marketing,25,2.66,35,74.1,05-09-2024,Average
E1614,James Anderson,HR,34,0.51,50,85.9,06-09-2024,Good
E1615,John Doe,IT,29,4.25,32,71.9,07-09-2024,Average
E1616,David Wilson,Marketing,31,2.03,37,61.89,08-09-2024,Average
E1617,Robert Brown,Sales,11,1.1,34,91.07,09-09-2024,Excellent
E1618,Sophia Martinez,HR,16,3.71,47,98.84,10-09-2024,Excellent
E1619,Robert Brown,Sales,22,3.83,48,73.17,11-09-2024,Average
E1620,Sophia Martinez,Marketing,30,3.07,33,95.53,12-09-2024,Excellent
E1621,Olivia Thomas,Sales,27,4.92,33,91.72,13-09-2024,Excellent
E1622,Olivia Thomas,Finance,18,2.23,42,75.07,14-09-2024,Good
E1623,David Wilson,IT,29,1.2,35,86.77,15-09-2024,Good
E1624,James Anderson,Marketing,28,4.12,38,69.31,16-09-2024,Average
E1625,Olivia Thomas,Marketing,26,3.25,35,95.05,17-09-2024,Excellent
E1626,Sarah Lee,Sales,11,1.98,31,78.78,18-09-2024,Good
E1627,Michael Johnson,Marketing,40,2.91,45,61.69,19-09-2024,Average
E1628,James Anderson,Finance,32,2.73,42,74.76,20-09-2024,Average
E1629,David Wilson,Marketing,49,2.94,41,87.88,21-09-2024,Good
E1630,John Doe,HR,26,1.38,36,90.41,22-09-2024,Excellent
E1631,Sophia Martinez,Sales,11,3.85,31,83.02,23-09-2024,Good
E1632,Jane Smith,Sales,39,3.94,37,78.02,24-09-2024,Good
E1633,David Wilson,Marketing,28,1.28,37,91.54,25-09-2024,Excellent
E1634,Olivia Thomas,HR,18,4.91,46,96.38,26-09-2024,Excellent
E1635,Sarah Lee,IT,46,4.88,35,99.58,27-09-2024,Excellent
E1636,Michael Johnson,Sales,24,4.1,31,63.28,28-09-2024,Average
E1637,Emily Davis,Sales,29,2.54,50,68.47,29-09-2024,Average
E1638,Robert Brown,Sales,25,4.9,39,64.44,30-09-2024,Average
E1639,Jane Smith,Sales,24,2.35,46,80.55,01-10-2024,Good
E1640,John Doe,Finance,24,3.58,46,76.15,02-10-2024,Good
E1641,Olivia Thomas,Marketing,15,4.51,48,93.99,03-10-2024,Excellent
E1642,Jane Smith,Marketing,24,2.48,35,86.89,04-10-2024,Good
E1643,Emily Davis,Sales,38,3.85,35,91.68,05-10-2024,Excellent
E1644,Jane Smith,HR,49,0.76,36,79.1,06-10-2024,Good
E1645,Emily Davis,Finance,48,2.7,49,87.18,07-10-2024,Good
E1646,John Doe,Finance,22,3.07,32,94.12,08-10-2024,Excellent
E1647,John Doe,Finance,46,4.26,48,84.81,09-10-2024,Good
E1648,John Doe,HR,25,2.22,37,81.62,10-10-2024,Good
E1649,Sophia Martinez,IT,43,0.82,38,86.18,11-10-2024,Good
E1650,Robert Brown,IT,40,0.8,39,93.91,12-10-2024,Excellent
E1651,Olivia Thomas,HR,48,2.85,45,60.59,13-10-2024,Average
E1652,Sophia Martinez,Marketing,36,3.92,39,98.58,14-10-2024,Excellent
E1653,David Wilson,Marketing,17,4.21,39,71.02,15-10-2024,Average
E1654,Michael Johnson,IT,44,1.45,40,68.56,16-10-2024,Average
E1655,Sarah Lee,Sales,25,4.73,33,74.1,17-10-2024,Average
E1656,Olivia Thomas,Marketing,38,1.58,32,64.48,18-10-2024,Average
E1657,Sophia Martinez,Finance,12,2.93,36,61.01,19-10-2024,Average
E1658,Sophia Martinez,Marketing,31,3.48,35,76.79,20-10-2024,Good
E1659,Robert Brown,HR,30,4.65,47,88.04,21-10-2024,Good
E1660,Olivia Thomas,Sales,29,0.8,43,75.55,22-10-2024,Good
E1661,John Doe,IT,34,1.42,42,95.28,23-10-2024,Excellent
E1662,John Doe,Marketing,11,1.78,37,91.66,24-10-2024,Excellent
E1663,Olivia Thomas,Sales,23,2.08,43,72.62,25-10-2024,Average
E1664,Michael Johnson,IT,50,2.49,36,76.5,26-10-2024,Good
E1665,Sarah Lee,Marketing,47,1.5,49,72,27-10-2024,Average
E1666,John Doe,Marketing,19,1.43,40,89,28-10-2024,Good
E1667,David Wilson,HR,25,3.91,32,65.63,29-10-2024,Average
E1668,James Anderson,Finance,20,2.59,41,62.84,30-10-2024,Average
E1669,Jane Smith,Marketing,32,0.59,41,90.03,31-10-2024,Excellent
E1670,Sophia Martinez,Marketing,28,0.8,50,96.61,01-11-2024,Excellent
E1671,Jane Smith,Sales,18,0.63,33,88.14,02-11-2024,Good
E1672,Robert Brown,IT,32,1.92,39,84.95,03-11-2024,Good
E1673,James Anderson,Sales,16,0.96,35,94.39,04-11-2024,Excellent
E1674,Robert Brown,HR,31,0.62,43,84.49,05-11-2024,Good
E1675,Jane Smith,IT,43,2.28,34,88.61,06-11-2024,Good
E1676,Olivia Thomas,Finance,20,2.75,46,68.57,07-11-2024,Average
E1677,Olivia Thomas,HR,40,2.79,48,61.41,08-11-2024,Average
E1678,James Anderson,HR,45,4.94,32,98.84,09-11-2024,Excellent
E1679,John Doe,HR,43,1.48,46,82.82,10-11-2024,Good
E1680,Michael Johnson,HR,30,3.38,32,70.81,11-11-2024,Average
E1681,John Doe,Finance,10,4.98,49,62.87,12-11-2024,Average
E1682,Robert Brown,Sales,22,3.86,50,85.85,13-11-2024,Good
E1683,Sophia Martinez,Finance,16,2.63,43,66.77,14-11-2024,Average
E1684,Michael Johnson,IT,16,2.97,37,87.85,15-11-2024,Good
E1685,Jane Smith,Finance,42,4.54,39,73.63,16-11-2024,Average
E1686,John Doe,IT,38,2.6,31,98.39,17-11-2024,Excellent
E1687,David Wilson,Sales,32,4.11,40,75.67,18-11-2024,Good
E1688,Sarah Lee,Sales,19,3.29,37,74.9,19-11-2024,Average
E1689,Michael Johnson,IT,34,4.72,44,79.78,20-11-2024,Good
E1690,Robert Brown,Finance,18,3.07,36,74.77,21-11-2024,Average
E1691,James Anderson,Marketing,21,4.86,34,78.91,22-11-2024,Good
E1692,Sophia Martinez,Sales,13,3.51,48,93.43,23-11-2024,Excellent
E1693,Olivia Thomas,HR,18,4.67,50,83.95,24-11-2024,Good
E1694,John Doe,HR,15,0.66,31,98.12,25-11-2024,Excellent
E1695,James Anderson,Marketing,46,4.06,39,60.43,26-11-2024,Average
E1696,Sarah Lee,HR,48,4.36,39,85.18,27-11-2024,Good
E1697,John Doe,HR,19,3.58,38,95.7,28-11-2024,Excellent
E1698,David Wilson,IT,40,4.35,44,75.61,29-11-2024,Good
E1699,Michael Johnson,Finance,50,1.75,43,65.59,30-11-2024,Average
E1700,Sarah Lee,HR,44,0.84,30,95.92,01-12-2024,Excellent
E1701,Sophia Martinez,HR,12,4.92,39,67.08,02-12-2024,Average
E1702,Sarah Lee,Finance,38,0.57,36,78.59,03-12-2024,Good
E1703,John Doe,Sales,21,3.98,35,69.66,04-12-2024,Average
E1704,John Doe,IT,34,0.63,43,90.5,05-12-2024,Excellent
E1705,Michael Johnson,Marketing,45,2.33,36,62.53,06-12-2024,Average
E1706,Jane Smith,Finance,12,0.82,38,77.19,07-12-2024,Good
E1707,Jane Smith,IT,29,2.97,36,72.64,08-12-2024,Average
E1708,Emily Davis,Marketing,30,4.27,44,91.73,09-12-2024,Excellent
E1709,Emily Davis,IT,22,1.78,37,99.22,10-12-2024,Excellent
E1710,Michael Johnson,Finance,44,3.75,39,86.48,11-12-2024,Good
E1711,James Anderson,Marketing,44,4.54,49,98.91,12-12-2024,Excellent
E1712,David Wilson,Finance,25,0.91,43,95.27,13-12-2024,Excellent
E1713,Jane Smith,Sales,37,3.17,33,66.63,14-12-2024,Average
E1714,Jane Smith,IT,17,2.82,34,83.2,15-12-2024,Good
E1715,Sarah Lee,Finance,29,0.51,36,88.93,16-12-2024,Good
E1716,Robert Brown,Finance,49,0.63,42,86.65,17-12-2024,Good
E1717,Olivia Thomas,Marketing,29,0.6,40,76.27,18-12-2024,Good
E1718,Sophia Martinez,Marketing,42,1.92,35,84.82,19-12-2024,Good
E1719,Sophia Martinez,Finance,25,2.42,44,88.73,20-12-2024,Good
E1720,Sarah Lee,Finance,20,2.88,47,99.59,21-12-2024,Excellent
E1721,Michael Johnson,Finance,22,3.29,49,93.76,22-12-2024,Excellent
E1722,James Anderson,HR,32,2.25,41,66.45,23-12-2024,Average
E1723,Olivia Thomas,Marketing,36,2.85,37,87.44,24-12-2024,Good
E1724,Michael Johnson,Marketing,19,1.46,40,98.57,25-12-2024,Excellent
E1725,Sophia Martinez,Sales,48,1.46,39,60.56,26-12-2024,Average
E1726,Robert Brown,Marketing,46,3.71,43,77.86,27-12-2024,Good
E1727,Jane Smith,Marketing,37,1.12,31,68.96,28-12-2024,Average
E1728,Olivia Thomas,HR,12,3.16,47,63.79,29-12-2024,Average
E1729,Jane Smith,HR,46,4.13,45,89.71,30-12-2024,Good
E1730,Sarah Lee,Sales,41,2.67,48,66.87,31-12-2024,Average
E1731,Sophia Martinez,Marketing,21,0.94,35,93.8,01-01-2025,Excellent
E1732,Sophia Martinez,IT,22,3.87,31,92.99,02-01-2025,Excellent
E1733,Jane Smith,Sales,14,3.76,33,68.21,03-01-2025,Average
E1734,Sarah Lee,Sales,18,4.38,40,98.74,04-01-2025,Excellent
E1735,Emily Davis,IT,47,2.91,38,85.12,05-01-2025,Good
E1736,Sophia Martinez,HR,29,1.61,42,62.28,06-01-2025,Average
E1737,Jane Smith,IT,49,1.21,49,78.4,07-01-2025,Good
E1738,Emily Davis,Marketing,44,3.09,32,93.12,08-01-2025,Excellent
E1739,Michael Johnson,Sales,36,4.25,38,89.73,09-01-2025,Good
E1740,John Doe,Finance,35,4.23,38,73.42,10-01-2025,Average
E1741,David Wilson,Marketing,22,3.63,45,69.6,11-01-2025,Average
E1742,Emily Davis,Finance,47,2.67,47,77.45,12-01-2025,Good
E1743,Olivia Thomas,Marketing,50,1.05,42,66.32,13-01-2025,Average
E1744,James Anderson,IT,25,0.79,37,93.18,14-01-2025,Excellent
E1745,Olivia Thomas,HR,38,0.64,36,75.69,15-01-2025,Good
E1746,Michael Johnson,IT,40,0.66,42,99.9,16-01-2025,Excellent
E1747,Sarah Lee,HR,37,4.1,49,99.44,17-01-2025,Excellent
E1748,Olivia Thomas,IT,39,3.68,31,81.93,18-01-2025,Good
E1749,Emily Davis,Finance,35,0.87,46,65.07,19-01-2025,Average
E1750,Jane Smith,Finance,13,3.85,41,93.74,20-01-2025,Excellent
E1751,Olivia Thomas,IT,35,2.48,39,79.64,21-01-2025,Good
E1752,James Anderson,HR,36,2.69,31,89.76,22-01-2025,Good
E1753,James Anderson,HR,16,2.62,49,88.67,23-01-2025,Good
E1754,Robert Brown,IT,46,3.05,46,86.02,24-01-2025,Good
E1755,John Doe,Marketing,35,3.62,38,97.47,25-01-2025,Excellent
E1756,Sophia Martinez,IT,48,1.23,30,74.8,26-01-2025,Average
E1757,Michael Johnson,IT,26,2.51,38,99.47,27-01-2025,Excellent
E1758,Sophia Martinez,HR,10,1.53,48,73.46,28-01-2025,Average
E1759,Emily Davis,Sales,49,4.09,49,77.69,29-01-2025,Good
E1760,Michael Johnson,Finance,42,1.04,34,67.02,30-01-2025,Average
E1761,Jane Smith,Sales,29,2.62,35,90.74,31-01-2025,Excellent
E1762,Emily Davis,Marketing,46,3.9,33,79.93,01-02-2025,Good
E1763,David Wilson,Finance,30,4.93,43,75.97,02-02-2025,Good
E1764,Sarah Lee,IT,34,1.37,30,69.94,03-02-2025,Average
E1765,Robert Brown,Finance,21,3.39,32,82.02,04-02-2025,Good
E1766,Sophia Martinez,Marketing,45,4.85,40,98.77,05-02-2025,Excellent
E1767,John Doe,Finance,14,4.78,35,74.4,06-02-2025,Average
E1768,Sophia Martinez,HR,30,3.57,31,71.13,07-02-2025,Average
E1769,Emily Davis,HR,46,1.23,48,88.37,08-02-2025,Good
E1770,Emily Davis,Finance,37,1.95,42,88.94,09-02-2025,Good
E1771,Sarah Lee,Sales,41,3.35,48,93.93,10-02-2025,Excellent
E1772,Sophia Martinez,HR,33,1.66,43,70.45,11-02-2025,Average
E1773,Robert Brown,IT,22,1.25,42,92.1,12-02-2025,Excellent
E1774,Sophia Martinez,Finance,29,4.61,37,67.28,13-02-2025,Average
E1775,Michael Johnson,Sales,31,4.64,34,78.86,14-02-2025,Good
E1776,David Wilson,IT,40,3.27,41,96.17,15-02-2025,Excellent
E1777,Jane Smith,HR,38,1.99,30,70.4,16-02-2025,Average
E1778,David Wilson,Marketing,27,3.41,32,79.54,17-02-2025,Good
E1779,Michael Johnson,Marketing,44,1.12,49,77.86,18-02-2025,Good
E1780,Robert Brown,Sales,35,2.47,32,86.87,19-02-2025,Good
E1781,Sophia Martinez,Sales,16,4.29,43,73.96,20-02-2025,Average
E1782,Robert Brown,Sales,10,3.6,49,70.55,21-02-2025,Average
E1783,James Anderson,Marketing,28,3.83,33,76.43,22-02-2025,Good
E1784,Sophia Martinez,IT,33,1.96,30,97.25,23-02-2025,Excellent
E1785,Sarah Lee,IT,20,4.98,50,84.63,24-02-2025,Good
E1786,David Wilson,Finance,49,3.13,40,84.57,25-02-2025,Good
E1787,John Doe,IT,19,4.86,43,74.06,26-02-2025,Average
E1788,John Doe,HR,49,2.07,36,75.35,27-02-2025,Good
E1789,James Anderson,IT,36,2.7,50,71.8,28-02-2025,Average
E1790,Jane Smith,Sales,32,2.94,50,90.42,01-03-2025,Excellent
E1791,James Anderson,Finance,34,2.31,47,62.5,02-03-2025,Average
E1792,Olivia Thomas,HR,18,1.48,40,66.38,03-03-2025,Average
E1793,Sophia Martinez,Marketing,17,3.41,44,80.45,04-03-2025,Good
E1794,Jane Smith,IT,47,4.93,41,75.2,05-03-2025,Good
E1795,Sarah Lee,HR,41,4.75,41,78.23,06-03-2025,Good
E1796,Robert Brown,IT,23,2.8,41,65.75,07-03-2025,Average
E1797,Olivia Thomas,HR,20,4.72,45,73.7,08-03-2025,Average
E1798,Robert Brown,Marketing,32,1.19,48,72.94,09-03-2025,Average
E1799,Robert Brown,IT,50,2.64,39,73.33,10-03-2025,Average
E1800,Emily Davis,HR,49,1.89,43,86.67,11-03-2025,Good
E1801,Michael Johnson,IT,49,1.07,34,71.49,12-03-2025,Average
E1802,Jane Smith,Finance,43,1.25,40,70.47,13-03-2025,Average
E1803,Michael Johnson,IT,23,4.83,38,80.42,14-03-2025,Good
E1804,James Anderson,Sales,32,0.55,47,86.2,15-03-2025,Good
E1805,David Wilson,IT,22,4.89,42,84.72,16-03-2025,Good
E1806,Sarah Lee,IT,22,2.99,50,66.46,17-03-2025,Average
E1807,James Anderson,Marketing,29,1.51,47,78.76,18-03-2025,Good
E1808,James Anderson,IT,39,4.03,49,90.01,19-03-2025,Excellent
E1809,Robert Brown,Sales,29,3.38,35,69.88,20-03-2025,Average
E1810,Sophia Martinez,HR,30,4.28,42,68.95,21-03-2025,Average
E1811,James Anderson,Marketing,44,3.87,42,93.54,22-03-2025,Excellent
E1812,Sarah Lee,Marketing,29,3.21,46,73.84,23-03-2025,Average
E1813,Jane Smith,HR,35,3.82,34,92.37,24-03-2025,Excellent
E1814,Michael Johnson,Sales,22,3.51,32,88.85,25-03-2025,Good
E1815,Sophia Martinez,IT,20,4.81,40,85.18,26-03-2025,Good
E1816,Sophia Martinez,Marketing,11,3.08,46,75.41,27-03-2025,Good
E1817,Sophia Martinez,Marketing,14,1.73,34,73.26,28-03-2025,Average
E1818,John Doe,Sales,38,2.5,37,94.69,29-03-2025,Excellent
E1819,Sophia Martinez,Marketing,26,4.75,45,72.7,30-03-2025,Average
E1820,Olivia Thomas,Finance,43,0.65,40,82.73,31-03-2025,Good
E1821,Sophia Martinez,HR,23,4.26,43,74.84,01-04-2025,Average
E1822,David Wilson,Marketing,43,1.22,50,81.8,02-04-2025,Good
E1823,Jane Smith,IT,17,2.3,47,80.69,03-04-2025,Good
E1824,Michael Johnson,HR,15,4.9,47,69.02,04-04-2025,Average
E1825,Olivia Thomas,Finance,23,3.13,44,70.02,05-04-2025,Average
E1826,Sarah Lee,Marketing,39,2.67,33,78.26,06-04-2025,Good
E1827,Jane Smith,Sales,46,0.66,46,93.18,07-04-2025,Excellent
E1828,David Wilson,Marketing,24,1.5,44,60.28,08-04-2025,Average
E1829,Sarah Lee,Sales,49,3.97,44,61.54,09-04-2025,Average
E1830,Michael Johnson,Sales,23,4.56,35,74.37,10-04-2025,Average
E1831,Sophia Martinez,Sales,34,3.21,35,72.02,11-04-2025,Average
E1832,Michael Johnson,Marketing,45,0.89,42,60.7,12-04-2025,Average
E1833,Sarah Lee,Marketing,11,0.67,44,79.4,13-04-2025,Good
E1834,Jane Smith,Sales,45,1.29,43,88.51,14-04-2025,Good
E1835,Robert Brown,IT,24,2.94,49,76.64,15-04-2025,Good
E1836,Michael Johnson,IT,32,4.69,36,82.11,16-04-2025,Good
E1837,John Doe,IT,38,4.67,40,92.15,17-04-2025,Excellent
E1838,John Doe,HR,28,2.19,36,77.32,18-04-2025,Good
E1839,Sophia Martinez,Finance,17,4.57,38,74.44,19-04-2025,Average
E1840,Emily Davis,Finance,17,2.71,38,90.88,20-04-2025,Excellent
E1841,Michael Johnson,Marketing,38,1.05,41,70.57,21-04-2025,Average
E1842,Olivia Thomas,HR,22,3.77,34,79.89,22-04-2025,Good
E1843,Sarah Lee,IT,10,1.62,48,60.18,23-04-2025,Average
E1844,Sophia Martinez,Marketing,10,4.23,36,95.14,24-04-2025,Excellent
E1845,Michael Johnson,Finance,22,3.23,45,70.86,25-04-2025,Average
E1846,Olivia Thomas,IT,45,2.53,34,96.14,26-04-2025,Excellent
E1847,Robert Brown,Sales,23,2.1,34,74.73,27-04-2025,Average
E1848,Sophia Martinez,Marketing,34,3.46,34,61.78,28-04-2025,Average
E1849,Robert Brown,Finance,19,0.62,35,83.3,29-04-2025,Good
E1850,John Doe,Finance,41,0.61,32,76.78,30-04-2025,Good
E1851,James Anderson,HR,26,3.02,34,61.15,01-05-2025,Average
E1852,Sophia Martinez,Marketing,50,2.52,33,70.31,02-05-2025,Average
E1853,Robert Brown,Marketing,26,4.22,37,97.43,03-05-2025,Excellent
E1854,David Wilson,Sales,49,0.86,34,89.33,04-05-2025,Good
E1855,Olivia Thomas,Marketing,29,3.82,50,97.92,05-05-2025,Excellent
E1856,Emily Davis,Finance,45,2.08,44,74.79,06-05-2025,Average
E1857,Jane Smith,Marketing,50,4.88,33,71.19,07-05-2025,Average
E1858,Robert Brown,Sales,50,4.66,39,82.26,08-05-2025,Good
E1859,James Anderson,IT,15,3.75,46,65.13,09-05-2025,Average
E1860,David Wilson,Finance,39,4.36,35,89.45,10-05-2025,Good
E1861,Sophia Martinez,HR,46,1.79,45,74.49,11-05-2025,Average
E1862,Emily Davis,HR,46,4.1,31,83.45,12-05-2025,Good
E1863,Olivia Thomas,Sales,17,4.39,31,92.81,13-05-2025,Excellent
E1864,David Wilson,Marketing,29,1.03,31,72.86,14-05-2025,Average
E1865,Jane Smith,Finance,39,1.11,32,85.59,15-05-2025,Good
E1866,David Wilson,IT,25,1.99,47,71.02,16-05-2025,Average
E1867,Jane Smith,Finance,49,3.32,34,73.58,17-05-2025,Average
E1868,Sophia Martinez,Sales,50,3.91,44,86.93,18-05-2025,Good
E1869,Robert Brown,Finance,15,3.68,34,94.52,19-05-2025,Excellent
E1870,Sophia Martinez,Finance,38,2.57,30,70.01,20-05-2025,Average
E1871,Olivia Thomas,HR,17,1.38,43,66.49,21-05-2025,Average
E1872,Jane Smith,Sales,10,4.34,39,88.5,22-05-2025,Good
E1873,Sophia Martinez,Sales,37,0.97,43,87.14,23-05-2025,Good
E1874,Michael Johnson,Marketing,38,4.99,35,62.92,24-05-2025,Average
E1875,Olivia Thomas,Sales,31,2.52,31,60.85,25-05-2025,Average
E1876,Jane Smith,HR,21,1.25,40,93.82,26-05-2025,Excellent
E1877,Sophia Martinez,Finance,14,2.73,31,84.15,27-05-2025,Good
E1878,Emily Davis,Finance,30,1.78,35,83.11,28-05-2025,Good
E1879,Sarah Lee,Sales,35,0.55,36,83.07,29-05-2025,Good
E1880,John Doe,HR,13,0.56,43,81.75,30-05-2025,Good
E1881,David Wilson,HR,37,1.21,49,62.12,31-05-2025,Average
E1882,James Anderson,Finance,21,1.88,44,83.92,01-06-2025,Good
E1883,Sarah Lee,Finance,12,1.05,49,89.75,02-06-2025,Good
E1884,Sophia Martinez,HR,28,2.45,48,90.65,03-06-2025,Excellent
E1885,Michael Johnson,HR,45,2.47,37,88.19,04-06-2025,Good
E1886,Olivia Thomas,Sales,16,3.69,32,67.38,05-06-2025,Average
E1887,James Anderson,Sales,12,2.85,49,77.7,06-06-2025,Good
E1888,John Doe,Finance,13,2.65,43,70.62,07-06-2025,Average
E1889,John Doe,Finance,37,2.26,45,81.69,08-06-2025,Good
E1890,Jane Smith,Marketing,19,4.09,41,85.72,09-06-2025,Good
E1891,James Anderson,Finance,20,3.01,45,80.97,10-06-2025,Good
E1892,Sophia Martinez,Finance,49,1.14,30,92.16,11-06-2025,Excellent
E1893,David Wilson,IT,43,3.09,40,65.74,12-06-2025,Average
E1894,Robert Brown,IT,49,2.09,37,72.43,13-06-2025,Average
E1895,James Anderson,IT,30,2.64,39,69.96,14-06-2025,Average
E1896,Jane Smith,Sales,41,1.38,33,60.98,15-06-2025,Average
E1897,Emily Davis,Finance,35,2.73,40,86.05,16-06-2025,Good
E1898,John Doe,Finance,11,1.02,31,95.66,17-06-2025,Excellent
E1899,Michael Johnson,Finance,28,4.8,37,93.45,18-06-2025,Excellent
E1900,John Doe,HR,31,2.69,39,72.68,19-06-2025,Average
E1901,James Anderson,IT,19,2.34,44,64.15,20-06-2025,Average
E1902,Sophia Martinez,IT,27,4.29,34,69.5,21-06-2025,Average
E1903,David Wilson,HR,46,3.82,49,90.8,22-06-2025,Excellent
E1904,James Anderson,HR,21,0.91,42,71.43,23-06-2025,Average
E1905,Olivia Thomas,Sales,31,1.67,44,62.57,24-06-2025,Average
E1906,John Doe,Finance,21,3.87,40,83.45,25-06-2025,Good
E1907,James Anderson,HR,47,4.65,39,67.38,26-06-2025,Average
E1908,Robert Brown,HR,44,1.24,39,92.56,27-06-2025,Excellent
E1909,Sophia Martinez,Finance,48,4.22,42,83.21,28-06-2025,Good
E1910,Sarah Lee,HR,13,4.52,40,89.74,29-06-2025,Good
E1911,Emily Davis,Marketing,13,2.78,38,81.61,30-06-2025,Good
E1912,Michael Johnson,IT,35,1.35,41,64.76,01-07-2025,Average
E1913,Olivia Thomas,Finance,48,4.77,33,70.66,02-07-2025,Average
E1914,Jane Smith,HR,50,1.53,43,79.18,03-07-2025,Good
E1915,Olivia Thomas,Marketing,26,4.66,45,65.76,04-07-2025,Average
E1916,David Wilson,Finance,11,4.54,50,89.72,05-07-2025,Good
E1917,Sophia Martinez,IT,28,2.09,41,94.76,06-07-2025,Excellent
E1918,Robert Brown,IT,11,1.51,36,76.49,07-07-2025,Good
E1919,Jane Smith,Finance,43,3.26,39,70.07,08-07-2025,Average
E1920,Jane Smith,HR,27,3.74,43,98.31,09-07-2025,Excellent
E1921,James Anderson,Sales,17,1.01,47,99.41,10-07-2025,Excellent
E1922,Emily Davis,IT,35,1.88,32,77.17,11-07-2025,Good
E1923,David Wilson,IT,25,3.51,37,63.11,12-07-2025,Average
E1924,Jane Smith,Finance,34,4.04,35,82.55,13-07-2025,Good
E1925,Michael Johnson,Marketing,15,4.05,45,94.3,14-07-2025,Excellent
E1926,John Doe,Sales,46,2.63,39,91.96,15-07-2025,Excellent
E1927,James Anderson,IT,21,4.74,46,63.75,16-07-2025,Average
E1928,Robert Brown,Sales,49,2.57,41,68.28,17-07-2025,Average
E1929,Jane Smith,Marketing,24,1.23,33,97.47,18-07-2025,Excellent
E1930,Robert Brown,Finance,49,0.94,50,86.63,19-07-2025,Good
E1931,James Anderson,Finance,24,1.73,32,92.78,20-07-2025,Excellent
E1932,Emily Davis,Finance,16,3.76,37,79.73,21-07-2025,Good
E1933,John Doe,Sales,24,0.79,31,99.42,22-07-2025,Excellent
E1934,Olivia Thomas,HR,38,1.86,32,82.51,23-07-2025,Good
E1935,John Doe,IT,50,1.52,39,78.65,24-07-2025,Good
E1936,Sarah Lee,HR,25,2.37,31,79.05,25-07-2025,Good
E1937,Michael Johnson,Marketing,47,3.73,40,92.33,26-07-2025,Excellent
E1938,John Doe,HR,25,4.02,46,99.64,27-07-2025,Excellent
E1939,Robert Brown,Sales,38,3.12,30,99.16,28-07-2025,Excellent
E1940,Sarah Lee,Sales,41,0.87,46,67.97,29-07-2025,Average
E1941,Michael Johnson,IT,19,3.05,31,72.55,30-07-2025,Average
E1942,Emily Davis,Marketing,19,2.5,47,88.17,31-07-2025,Good
E1943,Sophia Martinez,IT,11,3.6,43,73.91,01-08-2025,Average
E1944,Emily Davis,Finance,39,3.51,40,67.57,02-08-2025,Average
E1945,Olivia Thomas,Finance,27,3.97,47,95.49,03-08-2025,Excellent
E1946,Michael Johnson,IT,43,0.89,35,62.08,04-08-2025,Average
E1947,Jane Smith,Sales,28,1.32,46,61.42,05-08-2025,Average
E1948,Emily Davis,Marketing,30,2.8,36,94.14,06-08-2025,Excellent
E1949,David Wilson,IT,42,1.19,50,78.94,07-08-2025,Good
E1950,Michael Johnson,Finance,18,1.02,30,90.12,08-08-2025,Excellent
E1951,John Doe,Finance,48,3.68,49,89.77,09-08-2025,Good
E1952,Sarah Lee,Sales,49,4.21,40,87.74,10-08-2025,Good
E1953,James Anderson,Sales,42,3.84,37,98.97,11-08-2025,Excellent
E1954,David Wilson,Finance,13,3.23,34,61.76,12-08-2025,Average
E1955,David Wilson,Sales,15,4.93,43,97.69,13-08-2025,Excellent
E1956,Jane Smith,IT,19,1.04,34,99.81,14-08-2025,Excellent
E1957,John Doe,Finance,27,0.65,34,82.84,15-08-2025,Good
E1958,Michael Johnson,Finance,28,1.59,43,92.11,16-08-2025,Excellent
E1959,Robert Brown,Finance,15,1.49,40,78.48,17-08-2025,Good
E1960,Olivia Thomas,HR,28,1.48,34,62.34,18-08-2025,Average
E1961,Sarah Lee,Sales,47,1.19,40,80.09,19-08-2025,Good
E1962,David Wilson,Marketing,36,4.19,38,66.07,20-08-2025,Average
E1963,Michael Johnson,IT,37,2.26,45,64.25,21-08-2025,Average
E1964,Jane Smith,IT,33,4.15,30,62.39,22-08-2025,Average
E1965,Olivia Thomas,Finance,34,3.68,47,78.11,23-08-2025,Good
E1966,Sarah Lee,HR,23,4.87,40,71.01,24-08-2025,Average
E1967,Emily Davis,Finance,16,3.28,36,81.89,25-08-2025,Good
E1968,James Anderson,Marketing,40,4.06,50,88.76,26-08-2025,Good
E1969,David Wilson,Sales,26,4.51,39,74.99,27-08-2025,Average
E1970,Emily Davis,HR,42,4.42,46,93.69,28-08-2025,Excellent
E1971,Emily Davis,Finance,43,2.03,45,76.36,29-08-2025,Good
E1972,Robert Brown,IT,31,2.51,49,68.94,30-08-2025,Average
E1973,David Wilson,Sales,30,2.95,32,74.94,31-08-2025,Average
E1974,Robert Brown,HR,36,2.19,35,72.84,01-09-2025,Average
E1975,Sophia Martinez,Finance,35,4.26,47,88.95,02-09-2025,Good
E1976,Emily Davis,HR,33,0.51,37,94.21,03-09-2025,Excellent
E1977,John Doe,Marketing,33,3.95,48,67.27,04-09-2025,Average
E1978,Michael Johnson,IT,38,4.11,46,80.98,05-09-2025,Good
E1979,Robert Brown,IT,23,4.49,43,86.81,06-09-2025,Good
E1980,Jane Smith,IT,15,2.16,47,96.13,07-09-2025,Excellent
E1981,Jane Smith,HR,13,2.47,46,72.96,08-09-2025,Average
E1982,Sophia Martinez,IT,33,1.71,31,93.31,09-09-2025,Excellent
E1983,Olivia Thomas,IT,11,1.68,30,98.04,10-09-2025,Excellent
E1984,Jane Smith,Finance,12,3.93,32,75.11,11-09-2025,Good
E1985,John Doe,HR,22,2.99,38,75.6,12-09-2025,Good
E1986,Sarah Lee,HR,18,4.52,44,73.97,13-09-2025,Average
E1987,David Wilson,Finance,31,5,35,91.65,14-09-2025,Excellent
E1988,Robert Brown,IT,48,2.07,32,81.59,15-09-2025,Good
E1989,Robert Brown,IT,19,2.05,47,82.56,16-09-2025,Good
E1990,David Wilson,Sales,26,1.63,47,72.85,17-09-2025,Average
E1991,Robert Brown,Marketing,11,2.29,50,75.96,18-09-2025,Good
E1992,Emily Davis,Sales,11,2.65,32,61.46,19-09-2025,Average
E1993,Jane Smith,HR,41,2.92,32,100,20-09-2025,Excellent
E1994,John Doe,Marketing,18,4.85,40,94.35,21-09-2025,Excellent
E1995,Michael Johnson,Finance,32,3.29,48,96.26,22-09-2025,Excellent
E1996,David Wilson,Sales,33,4.24,41,60.79,23-09-2025,Average
E1997,John Doe,IT,36,4.81,41,99.54,24-09-2025,Excellent
E1998,Robert Brown,Sales,10,3.05,38,72.42,25-09-2025,Average
E1999,David Wilson,Marketing,40,2.48,40,78.2,26-09-2025,Good
E2000,Robert Brown,IT,16,4.87,47,82.33,27-09-2025,Good
E2001,Olivia Thomas,Finance,12,1.59,30,76.1,28-09-2025,Good
E2002,Michael Johnson,Marketing,50,1.22,50,89.49,29-09-2025,Good
E2003,Emily Davis,Sales,28,2.04,41,91.22,30-09-2025,Excellent
E2004,David Wilson,Sales,10,3.45,43,60.09,01-10-2025,Average
E2005,Robert Brown,Sales,35,1.11,50,82.83,02-10-2025,Good
E2006,Sophia Martinez,Finance,39,4.16,44,69.94,03-10-2025,Average
E2007,Sophia Martinez,Marketing,50,2.36,48,61.19,04-10-2025,Average
E2008,Sarah Lee,Marketing,34,1.38,34,96.62,05-10-2025,Excellent
E2009,Michael Johnson,HR,39,0.77,46,98.64,06-10-2025,Excellent
E2010,Robert Brown,Sales,46,0.59,33,79.24,07-10-2025,Good
E2011,Jane Smith,Finance,44,2.95,43,77.69,08-10-2025,Good
E2012,Jane Smith,Sales,22,1.1,44,80.48,09-10-2025,Good
E2013,James Anderson,Finance,21,4.33,48,81.85,10-10-2025,Good
E2014,Olivia Thomas,IT,21,1.99,41,78.04,11-10-2025,Good
E2015,Jane Smith,Finance,45,3.08,50,71.01,12-10-2025,Average
E2016,James Anderson,IT,48,4.05,42,89.11,13-10-2025,Good
E2017,John Doe,Finance,24,2.38,30,81.53,14-10-2025,Good
E2018,Jane Smith,Finance,24,1.27,49,68.51,15-10-2025,Average
E2019,Robert Brown,Sales,24,1.44,42,89.36,16-10-2025,Good
E2020,Olivia Thomas,HR,43,2.37,37,79.12,17-10-2025,Good
E2021,Emily Davis,HR,17,1.41,44,68.56,18-10-2025,Average
E2022,James Anderson,Marketing,42,0.92,36,98.62,19-10-2025,Excellent
E2023,Olivia Thomas,Sales,15,2.69,49,70.22,20-10-2025,Average
E2024,John Doe,Finance,32,3.9,41,74.58,21-10-2025,Average
E2025,James Anderson,Sales,10,4.43,37,85.4,22-10-2025,Good
E2026,Sophia Martinez,Marketing,30,3.88,31,92.91,23-10-2025,Excellent
E2027,Emily Davis,Marketing,12,4.56,50,97.88,24-10-2025,Excellent
E2028,Sophia Martinez,IT,22,1.82,41,88.57,25-10-2025,Good
E2029,Michael Johnson,Finance,19,4.59,49,75.04,26-10-2025,Good
E2030,James Anderson,Finance,26,2.68,30,90.12,27-10-2025,Excellent
E2031,John Doe,Sales,23,2.59,44,82.06,28-10-2025,Good
E2032,James Anderson,Finance,10,4.53,38,64.66,29-10-2025,Average
E2033,James Anderson,IT,26,1.07,37,98.39,30-10-2025,Excellent
E2034,Sarah Lee,Finance,40,2.46,34,85.27,31-10-2025,Good
E2035,Robert Brown,IT,19,3.57,49,96.64,01-11-2025,Excellent
E2036,Olivia Thomas,HR,34,2.83,46,94.35,02-11-2025,Excellent
E2037,James Anderson,Sales,33,0.62,35,71.38,03-11-2025,Average
E2038,Olivia Thomas,Marketing,39,2.79,41,85.49,04-11-2025,Good
E2039,Emily Davis,IT,19,4.36,33,67.74,05-11-2025,Average
E2040,Olivia Thomas,IT,26,2.63,33,65.84,06-11-2025,Average
E2041,Jane Smith,HR,43,0.67,43,75.88,07-11-2025,Good
E2042,Emily Davis,Sales,29,0.94,42,82.44,08-11-2025,Good
E2043,Jane Smith,Sales,13,4.87,49,92.45,09-11-2025,Excellent
E2044,David Wilson,Marketing,41,3.59,45,96.76,10-11-2025,Excellent
E2045,Emily Davis,Marketing,33,2.12,50,67.27,11-11-2025,Average
E2046,Sophia Martinez,HR,10,1.93,37,85.42,12-11-2025,Good
E2047,James Anderson,Marketing,41,3.8,42,69.63,13-11-2025,Average
E2048,Michael Johnson,Finance,11,4.02,45,84.76,14-11-2025,Good
E2049,Jane Smith,HR,49,2.7,43,72.81,15-11-2025,Average
E2050,Michael Johnson,Finance,38,3.67,48,91.59,16-11-2025,Excellent
E2051,Robert Brown,HR,20,1.89,35,63.41,17-11-2025,Average
E2052,John Doe,IT,34,2.81,42,92.98,18-11-2025,Excellent
E2053,James Anderson,Finance,18,2.49,50,71.51,19-11-2025,Average
E2054,Jane Smith,Sales,38,1.08,48,88.37,20-11-2025,Good
E2055,James Anderson,Sales,40,4.8,41,60.22,21-11-2025,Average
E2056,David Wilson,Finance,20,3,45,73.49,22-11-2025,Average
E2057,Sophia Martinez,Sales,31,2.86,46,74.76,23-11-2025,Average
E2058,David Wilson,IT,39,2.01,43,68.13,24-11-2025,Average
E2059,Robert Brown,Sales,41,3.44,42,94.45,25-11-2025,Excellent
E2060,John Doe,Sales,31,4.36,40,71.25,26-11-2025,Average
E2061,Sarah Lee,Finance,17,4.68,47,94.2,27-11-2025,Excellent
E2062,Jane Smith,Marketing,46,4.66,31,94.44,28-11-2025,Excellent
E2063,Olivia Thomas,IT,15,2.36,49,85.19,29-11-2025,Good
E2064,Robert Brown,Sales,45,3.34,36,87.19,30-11-2025,Good
E2065,Sarah Lee,Finance,34,1.48,33,75.5,01-12-2025,Good
E2066,Jane Smith,Marketing,42,4.59,39,98.96,02-12-2025,Excellent
E2067,John Doe,Finance,46,1.41,38,97.17,03-12-2025,Excellent
E2068,Sarah Lee,IT,39,2.14,45,83.31,04-12-2025,Good
E2069,Michael Johnson,Sales,48,4.97,42,69.79,05-12-2025,Average
E2070,David Wilson,Marketing,13,2.33,39,91.27,06-12-2025,Excellent
E2071,Jane Smith,Finance,31,4.31,41,63.49,07-12-2025,Average
E2072,Emily Davis,Marketing,31,0.72,34,69.5,08-12-2025,Average
E2073,Olivia Thomas,Finance,23,2.51,41,89.58,09-12-2025,Good
E2074,Emily Davis,Sales,10,4.26,49,67.04,10-12-2025,Average
E2075,Emily Davis,IT,25,2.2,32,78.05,11-12-2025,Good
E2076,David Wilson,Finance,39,4.39,34,96.17,12-12-2025,Excellent
E2077,James Anderson,Finance,47,1.03,33,76.54,13-12-2025,Good
E2078,Michael Johnson,IT,11,1.47,40,61.41,14-12-2025,Average
E2079,Emily Davis,Marketing,48,3.87,40,87.18,15-12-2025,Good
E2080,Michael Johnson,Marketing,25,2.96,46,96.91,16-12-2025,Excellent
E2081,Robert Brown,HR,41,4.91,48,80.79,17-12-2025,Good
E2082,David Wilson,Finance,14,4.05,37,64.31,18-12-2025,Average
E2083,Emily Davis,Sales,25,0.87,41,70.46,19-12-2025,Average
E2084,Sarah Lee,HR,13,3,40,84.47,20-12-2025,Good
E2085,Robert Brown,Sales,42,3.32,45,72.68,21-12-2025,Average
E2086,Sophia Martinez,Sales,41,1.24,31,79.29,22-12-2025,Good
E2087,Emily Davis,Marketing,15,4.26,44,85.93,23-12-2025,Good
E2088,Sarah Lee,Marketing,18,4.3,30,69.82,24-12-2025,Average
E2089,Sophia Martinez,Finance,43,0.92,34,95.49,25-12-2025,Excellent
E2090,Sarah Lee,Finance,25,2.13,34,97.52,26-12-2025,Excellent
E2091,Robert Brown,Marketing,20,1.36,41,81.17,27-12-2025,Good
E2092,Michael Johnson,Finance,11,4.3,34,69.15,28-12-2025,Average
E2093,Jane Smith,Sales,46,4.55,39,66.49,29-12-2025,Average
E2094,Sarah Lee,Marketing,18,4.13,32,70.54,30-12-2025,Average
E2095,Sophia Martinez,IT,27,1.23,46,84.62,31-12-2025,Good
E2096,Olivia Thomas,Marketing,32,1.03,44,74.88,01-01-2026,Average
E2097,Sophia Martinez,IT,34,2.19,36,83.65,02-01-2026,Good
E2098,Emily Davis,Finance,45,0.51,44,67.5,03-01-2026,Average
E2099,Olivia Thomas,Marketing,22,1.08,46,81.78,04-01-2026,Good
E2100,Emily Davis,Finance,45,3.62,35,60.31,05-01-2026,Average
E2101,Michael Johnson,Finance,35,2.38,38,92.79,06-01-2026,Excellent
E2102,Sophia Martinez,IT,36,4.91,45,72.06,07-01-2026,Average
E2103,Michael Johnson,Finance,12,1.65,49,98.35,08-01-2026,Excellent
E2104,Sarah Lee,Sales,31,3.21,43,68.71,09-01-2026,Average
E2105,Sophia Martinez,Marketing,30,3.8,46,67.56,10-01-2026,Average
E2106,John Doe,Sales,38,2.94,37,70.78,11-01-2026,Average
E2107,Robert Brown,IT,19,4.09,42,70.26,12-01-2026,Average
E2108,Jane Smith,Sales,33,1.75,34,80.88,13-01-2026,Good
E2109,Michael Johnson,Finance,37,4.15,38,64.81,14-01-2026,Average
E2110,Robert Brown,HR,21,2.67,50,73.05,15-01-2026,Average
E2111,Sophia Martinez,Sales,30,1.75,37,76.84,16-01-2026,Good
E2112,James Anderson,IT,32,0.68,43,83.98,17-01-2026,Good
E2113,James Anderson,HR,12,3.75,38,70.18,18-01-2026,Average
E2114,Robert Brown,Sales,48,2.03,40,97.74,19-01-2026,Excellent
E2115,David Wilson,Sales,36,4.88,42,80.3,20-01-2026,Good
E2116,Robert Brown,Marketing,16,3.11,43,63.08,21-01-2026,Average
E2117,Sarah Lee,IT,40,3.46,44,83.72,22-01-2026,Good
E2118,Emily Davis,Sales,49,0.94,45,85.63,23-01-2026,Good
E2119,David Wilson,Sales,38,0.78,50,94.2,24-01-2026,Excellent
E2120,Emily Davis,Sales,29,4.31,34,98.54,25-01-2026,Excellent
E2121,Jane Smith,HR,40,4.88,30,64.36,26-01-2026,Average
E2122,Jane Smith,Finance,15,1.91,46,77.9,27-01-2026,Good
E2123,Michael Johnson,Sales,30,2.37,46,83.52,28-01-2026,Good
E2124,Emily Davis,HR,24,1.41,33,83.87,29-01-2026,Good
E2125,Olivia Thomas,HR,49,1.26,35,66.48,30-01-2026,Average
E2126,John Doe,HR,50,1.52,30,90.59,31-01-2026,Excellent
E2127,Sarah Lee,Sales,42,4.38,42,87.96,01-02-2026,Good
E2128,Olivia Thomas,Finance,24,3.96,38,67.7,02-02-2026,Average
E2129,Sophia Martinez,Finance,44,0.63,35,97.91,03-02-2026,Excellent
E2130,Sarah Lee,Sales,30,3.13,44,91.54,04-02-2026,Excellent
E2131,James Anderson,IT,27,4.5,44,85.14,05-02-2026,Good
E2132,Michael Johnson,IT,23,1.18,43,67.17,06-02-2026,Average
E2133,Olivia Thomas,Marketing,16,0.95,35,61.12,07-02-2026,Average
E2134,Jane Smith,HR,48,3.87,41,80.51,08-02-2026,Good
E2135,Sophia Martinez,HR,49,1.11,40,79.13,09-02-2026,Good
E2136,Olivia Thomas,Marketing,16,2.88,34,67.38,10-02-2026,Average
E2137,David Wilson,Finance,22,3.48,38,92.04,11-02-2026,Excellent
E2138,Robert Brown,HR,12,3.78,47,82.26,12-02-2026,Good
E2139,Emily Davis,Sales,32,3.95,39,80.99,13-02-2026,Good
E2140,James Anderson,Finance,13,1.09,48,82.65,14-02-2026,Good
E2141,Robert Brown,IT,49,1.36,46,71.01,15-02-2026,Average
E2142,David Wilson,IT,38,2.61,33,86.55,16-02-2026,Good
E2143,James Anderson,Marketing,45,0.6,32,60.02,17-02-2026,Average
E2144,James Anderson,Sales,33,1.15,36,84.11,18-02-2026,Good
E2145,John Doe,Finance,29,4.14,33,65.29,19-02-2026,Average
E2146,Michael Johnson,Finance,24,2.21,32,86.44,20-02-2026,Good
E2147,Olivia Thomas,Marketing,29,0.85,50,85.13,21-02-2026,Good
E2148,Michael Johnson,IT,44,3.67,46,79.42,22-02-2026,Good
E2149,Olivia Thomas,IT,50,1.31,47,68.83,23-02-2026,Average
E2150,Jane Smith,IT,22,4.1,34,61.57,24-02-2026,Average
E2151,David Wilson,Marketing,45,4.01,42,78.31,25-02-2026,Good
E2152,Sarah Lee,Finance,49,1.5,43,98.82,26-02-2026,Excellent
E2153,Michael Johnson,HR,15,2.63,41,78.91,27-02-2026,Good
E2154,Sarah Lee,Finance,47,3.47,42,78.75,28-02-2026,Good
E2155,John Doe,Sales,20,3.76,48,91.09,01-03-2026,Excellent
E2156,John Doe,HR,21,3.33,43,85.47,02-03-2026,Good
E2157,David Wilson,Sales,40,1.99,36,81.82,03-03-2026,Good
E2158,Michael Johnson,Finance,44,0.74,37,65.49,04-03-2026,Average
E2159,Olivia Thomas,Finance,41,4.21,32,63.62,05-03-2026,Average
E2160,Emily Davis,Finance,49,3.77,49,96.04,06-03-2026,Excellent
E2161,Robert Brown,Sales,37,2.13,33,89.89,07-03-2026,Good
E2162,Jane Smith,HR,26,4.14,36,82.02,08-03-2026,Good
E2163,Sarah Lee,Sales,12,3.56,38,86.52,09-03-2026,Good
E2164,Sarah Lee,HR,37,1.85,48,65.7,10-03-2026,Average
E2165,James Anderson,Marketing,46,3.47,46,80.66,11-03-2026,Good
E2166,David Wilson,Marketing,19,1.17,33,98.03,12-03-2026,Excellent
E2167,Sarah Lee,Marketing,14,2.32,35,80.16,13-03-2026,Good
E2168,Olivia Thomas,IT,45,4.33,46,85.16,14-03-2026,Good
E2169,Robert Brown,Finance,25,2.99,33,95.88,15-03-2026,Excellent
E2170,Sophia Martinez,IT,13,2.77,35,93.05,16-03-2026,Excellent
E2171,David Wilson,IT,21,0.55,47,90.71,17-03-2026,Excellent
E2172,Emily Davis,Sales,11,3.88,43,75.27,18-03-2026,Good
E2173,Olivia Thomas,Sales,15,1.04,49,95.55,19-03-2026,Excellent
E2174,Olivia Thomas,IT,29,3.11,33,71.02,20-03-2026,Average
E2175,James Anderson,Sales,26,3.47,37,74.63,21-03-2026,Average
E2176,Michael Johnson,IT,36,1.21,31,92.22,22-03-2026,Excellent
E2177,Sarah Lee,IT,45,3.52,37,88.16,23-03-2026,Good
E2178,Emily Davis,Marketing,26,3.23,30,73.67,24-03-2026,Average
E2179,David Wilson,Sales,23,3,41,95.02,25-03-2026,Excellent
E2180,David Wilson,Marketing,11,4.55,43,84.76,26-03-2026,Good
E2181,Jane Smith,Marketing,30,2.17,47,80.89,27-03-2026,Good
E2182,Emily Davis,HR,31,2.02,46,85.27,28-03-2026,Good
E2183,John Doe,Finance,30,2.07,43,95.24,29-03-2026,Excellent
E2184,Michael Johnson,Sales,24,0.74,30,69.1,30-03-2026,Average
E2185,Sophia Martinez,HR,28,2.42,31,95.64,31-03-2026,Excellent
E2186,John Doe,IT,18,2.01,45,96.92,01-04-2026,Excellent
E2187,Olivia Thomas,Marketing,35,1.87,36,79.89,02-04-2026,Good
E2188,Jane Smith,IT,29,2.39,42,96.09,03-04-2026,Excellent
E2189,David Wilson,Sales,38,3.06,33,60.91,04-04-2026,Average
E2190,David Wilson,Finance,22,0.62,38,99.5,05-04-2026,Excellent
E2191,Olivia Thomas,HR,44,3.16,49,70.96,06-04-2026,Average
E2192,Sarah Lee,Sales,21,3.57,35,75.17,07-04-2026,Good
E2193,James Anderson,Marketing,49,4.26,32,71.04,08-04-2026,Average
E2194,Sophia Martinez,HR,21,2.2,33,69.22,09-04-2026,Average
E2195,Olivia Thomas,IT,29,2.6,39,93.54,10-04-2026,Excellent
E2196,James Anderson,Marketing,43,2.91,37,72.49,11-04-2026,Average
E2197,Robert Brown,Marketing,16,4.68,38,94.4,12-04-2026,Excellent
E2198,John Doe,Finance,21,4.43,48,80.49,13-04-2026,Good
E2199,Jane Smith,Sales,21,2.05,34,83.86,14-04-2026,Good
E2200,Sophia Martinez,Sales,15,3.82,33,91.81,15-04-2026,Excellent
E2201,John Doe,Finance,34,0.93,38,80.16,16-04-2026,Good
E2202,Sophia Martinez,Sales,17,3.86,47,94.9,17-04-2026,Excellent
E2203,John Doe,IT,13,4.31,48,88.5,18-04-2026,Good
E2204,Jane Smith,HR,39,3.08,42,84.95,19-04-2026,Good
E2205,James Anderson,HR,38,0.99,34,74.69,20-04-2026,Average
E2206,Emily Davis,Sales,40,4.58,39,93.4,21-04-2026,Excellent
E2207,Sophia Martinez,HR,49,4.48,33,98.22,22-04-2026,Excellent
E2208,Robert Brown,Sales,44,3.03,37,98.18,23-04-2026,Excellent
E2209,Robert Brown,IT,16,0.57,41,76.75,24-04-2026,Good
E2210,Jane Smith,Marketing,25,4.08,39,78.07,25-04-2026,Good
E2211,Jane Smith,IT,26,3.54,49,74.29,26-04-2026,Average
E2212,Sophia Martinez,Finance,17,3.48,48,83.04,27-04-2026,Good
E2213,Sophia Martinez,HR,18,1.77,41,63.54,28-04-2026,Average
E2214,Robert Brown,Marketing,17,1.12,47,63.72,29-04-2026,Average
E2215,Olivia Thomas,HR,36,2.31,41,63.39,30-04-2026,Average
E2216,Robert Brown,Marketing,38,1.42,33,66.03,01-05-2026,Average
E2217,Emily Davis,Marketing,18,2.98,39,70.44,02-05-2026,Average
E2218,John Doe,Sales,37,0.53,42,98.94,03-05-2026,Excellent
E2219,Michael Johnson,IT,42,2.35,42,60.01,04-05-2026,Average
E2220,David Wilson,IT,20,1.53,48,74.13,05-05-2026,Average
E2221,John Doe,Sales,27,4.58,30,78.22,06-05-2026,Good
E2222,Sarah Lee,IT,11,0.83,43,80.57,07-05-2026,Good
E2223,Jane Smith,HR,29,3.59,42,62.01,08-05-2026,Average
E2224,Emily Davis,Marketing,36,3.67,44,95.35,09-05-2026,Excellent
E2225,Jane Smith,HR,24,0.93,50,98.48,10-05-2026,Excellent
E2226,Sophia Martinez,IT,24,1.37,50,95.52,11-05-2026,Excellent
E2227,Jane Smith,HR,20,0.65,30,93.59,12-05-2026,Excellent
E2228,Sophia Martinez,Marketing,21,3.15,46,80.82,13-05-2026,Good
E2229,James Anderson,IT,15,2.66,32,91.23,14-05-2026,Excellent
E2230,David Wilson,IT,28,4.56,41,73.36,15-05-2026,Average
E2231,James Anderson,Sales,10,3.63,41,66.12,16-05-2026,Average
E2232,Sophia Martinez,Finance,27,3.28,36,88.74,17-05-2026,Good
E2233,Robert Brown,Sales,31,4.21,41,80.44,18-05-2026,Good
E2234,James Anderson,IT,10,2.35,31,87.04,19-05-2026,Good
E2235,Robert Brown,Finance,31,1.05,31,94.01,20-05-2026,Excellent
E2236,John Doe,Sales,30,1.29,30,87.16,21-05-2026,Good
E2237,Sophia Martinez,Sales,29,1.73,31,74.85,22-05-2026,Average
E2238,Michael Johnson,Marketing,26,3.79,35,67.27,23-05-2026,Average
E2239,Sarah Lee,Marketing,36,2.69,36,98.74,24-05-2026,Excellent
E2240,Olivia Thomas,Marketing,42,3.1,49,74.9,25-05-2026,Average
E2241,Olivia Thomas,HR,28,1.99,38,94.79,26-05-2026,Excellent
E2242,Sarah Lee,Finance,11,2.69,40,94.24,27-05-2026,Excellent
E2243,James Anderson,IT,25,0.85,33,88.22,28-05-2026,Good
E2244,Robert Brown,IT,39,0.8,48,91.56,29-05-2026,Excellent
E2245,John Doe,IT,50,3.13,40,97.47,30-05-2026,Excellent
E2246,James Anderson,Sales,44,4.35,43,91.19,31-05-2026,Excellent
E2247,Sophia Martinez,Marketing,31,4.9,38,77.01,01-06-2026,Good
E2248,Robert Brown,Sales,42,2.14,34,65.73,02-06-2026,Average
E2249,Olivia Thomas,Marketing,30,4.53,48,86.76,03-06-2026,Good
E2250,Olivia Thomas,HR,42,0.83,38,88.54,04-06-2026,Good
E2251,Emily Davis,Sales,49,1.61,38,87.83,05-06-2026,Good
E2252,Sarah Lee,Finance,28,0.97,48,77.47,06-06-2026,Good
E2253,Robert Brown,Finance,46,2.95,38,60.7,07-06-2026,Average
E2254,Michael Johnson,HR,25,0.87,50,67.68,08-06-2026,Average
E2255,Sophia Martinez,Marketing,17,1.92,34,70.26,09-06-2026,Average
E2256,Sophia Martinez,IT,39,0.54,39,83.22,10-06-2026,Good
E2257,David Wilson,Sales,20,0.79,32,97.2,11-06-2026,Excellent
E2258,Sophia Martinez,Marketing,11,2.44,50,89.28,12-06-2026,Good
E2259,Sophia Martinez,Marketing,23,1.98,46,72.59,13-06-2026,Average
E2260,John Doe,HR,19,2.79,46,99.84,14-06-2026,Excellent
E2261,David Wilson,HR,17,2.13,32,65.74,15-06-2026,Average
E2262,Olivia Thomas,Marketing,41,4.06,35,88.37,16-06-2026,Good
E2263,James Anderson,HR,33,3.19,33,81.86,17-06-2026,Good
E2264,Sophia Martinez,Marketing,32,3.53,36,77.42,18-06-2026,Good
E2265,Sophia Martinez,HR,29,2.72,40,93.66,19-06-2026,Excellent
E2266,Robert Brown,IT,15,3.78,36,64.2,20-06-2026,Average
E2267,David Wilson,Finance,19,4.43,32,63.71,21-06-2026,Average
E2268,Sarah Lee,Marketing,31,3.15,34,79.21,22-06-2026,Good
E2269,Sarah Lee,HR,44,0.66,33,87.95,23-06-2026,Good
E2270,Jane Smith,HR,17,3.53,43,84.69,24-06-2026,Good
E2271,Sophia Martinez,Finance,35,3.33,37,92.35,25-06-2026,Excellent
E2272,James Anderson,Sales,29,2.51,41,89.91,26-06-2026,Good
E2273,James Anderson,Sales,20,3.87,49,81.85,27-06-2026,Good
E2274,Sarah Lee,Finance,50,4.42,42,69.1,28-06-2026,Average
E2275,Emily Davis,Marketing,42,3.35,47,71.61,29-06-2026,Average
E2276,John Doe,IT,42,4.59,33,81.84,30-06-2026,Good
E2277,Olivia Thomas,IT,41,0.75,32,66.27,01-07-2026,Average
E2278,Jane Smith,HR,34,2.01,41,71.26,02-07-2026,Average
E2279,James Anderson,Sales,50,0.52,49,69.62,03-07-2026,Average
E2280,Sophia Martinez,Finance,48,4.8,41,94.76,04-07-2026,Excellent
E2281,David Wilson,Finance,38,1.73,49,69.89,05-07-2026,Average
E2282,David Wilson,IT,23,2.63,38,98.03,06-07-2026,Excellent
E2283,Robert Brown,Sales,24,3.95,35,83.52,07-07-2026,Good
E2284,Jane Smith,Sales,27,0.83,30,89.46,08-07-2026,Good
E2285,Sarah Lee,Finance,27,0.72,31,99.47,09-07-2026,Excellent
E2286,Olivia Thomas,Marketing,40,4.79,41,94.63,10-07-2026,Excellent
E2287,Jane Smith,HR,27,2.43,38,79.7,11-07-2026,Good
E2288,Jane Smith,IT,25,4.42,50,89.97,12-07-2026,Good
E2289,Sarah Lee,Sales,44,2.21,46,79.9,13-07-2026,Good
E2290,David Wilson,HR,20,1.49,33,94.68,14-07-2026,Excellent
E2291,David Wilson,Marketing,46,2.37,49,67.96,15-07-2026,Average
E2292,Sarah Lee,IT,10,2.5,32,74.13,16-07-2026,Average
E2293,John Doe,Finance,28,2.78,39,66.25,17-07-2026,Average
E2294,Robert Brown,Sales,40,4.33,30,62.23,18-07-2026,Average
E2295,Jane Smith,Finance,33,4,49,85.47,19-07-2026,Good
E2296,James Anderson,HR,37,2.5,42,74.65,20-07-2026,Average
E2297,Sophia Martinez,Sales,26,2.66,43,77.14,21-07-2026,Good
E2298,James Anderson,Sales,35,2.23,49,68.71,22-07-2026,Average
E2299,Jane Smith,Finance,25,1,33,95.88,23-07-2026,Excellent
E2300,Olivia Thomas,Sales,31,4.44,50,60.55,24-07-2026,Average
E2301,Jane Smith,Sales,31,2.43,31,95.75,25-07-2026,Excellent
E2302,John Doe,Marketing,23,4.59,30,62.99,26-07-2026,Average
E2303,Emily Davis,Finance,38,3.37,31,78.37,27-07-2026,Good
E2304,James Anderson,HR,45,1.22,34,97.05,28-07-2026,Excellent
E2305,Michael Johnson,Sales,29,1.48,42,64.84,29-07-2026,Average
E2306,Sophia Martinez,Marketing,32,3.01,30,81.09,30-07-2026,Good
E2307,David Wilson,HR,32,1.68,46,76.83,31-07-2026,Good
E2308,Jane Smith,IT,42,2.38,42,72.37,01-08-2026,Average
E2309,Sophia Martinez,HR,48,4.27,49,65.56,02-08-2026,Average
E2310,Emily Davis,Sales,45,3.95,48,72.49,03-08-2026,Average
E2311,James Anderson,IT,43,4.54,32,98.18,04-08-2026,Excellent
E2312,Sophia Martinez,Marketing,18,3.37,33,73.24,05-08-2026,Average
E2313,Sarah Lee,Finance,38,1.39,34,68.3,06-08-2026,Average
E2314,John Doe,Marketing,47,4.54,47,71.34,07-08-2026,Average
E2315,John Doe,Finance,44,4.89,41,61.57,08-08-2026,Average
E2316,John Doe,IT,18,1.91,35,70.13,09-08-2026,Average
E2317,James Anderson,HR,20,2.91,45,86.02,10-08-2026,Good
E2318,John Doe,Sales,45,3.66,32,73.44,11-08-2026,Average
E2319,Olivia Thomas,Finance,14,4.39,44,88.48,12-08-2026,Good
E2320,Emily Davis,Sales,11,4.02,47,84,13-08-2026,Good
E2321,Olivia Thomas,HR,38,3,43,72.43,14-08-2026,Average
E2322,John Doe,Sales,23,0.73,46,67.3,15-08-2026,Average
E2323,Jane Smith,IT,45,2.07,50,63.63,16-08-2026,Average
E2324,Sophia Martinez,HR,47,2.61,42,74.85,17-08-2026,Average
E2325,James Anderson,IT,10,4.29,47,79.05,18-08-2026,Good
E2326,John Doe,HR,16,4.04,33,89.62,19-08-2026,Good
E2327,Emily Davis,IT,39,4.35,37,93.27,20-08-2026,Excellent
E2328,Sarah Lee,Sales,46,4.41,39,66.22,21-08-2026,Average
E2329,Michael Johnson,HR,25,4.61,42,90.92,22-08-2026,Excellent
E2330,James Anderson,Sales,24,4.74,41,64.69,23-08-2026,Average
E2331,Emily Davis,Sales,16,3.47,43,73.79,24-08-2026,Average
E2332,Sarah Lee,HR,46,3.88,41,61.07,25-08-2026,Average
E2333,Sophia Martinez,Sales,41,3.47,50,83.92,26-08-2026,Good
E2334,Robert Brown,Marketing,13,0.92,44,98.68,27-08-2026,Excellent
E2335,Sophia Martinez,Marketing,46,1.65,35,93.37,28-08-2026,Excellent
E2336,Sophia Martinez,Marketing,14,2.07,45,98,29-08-2026,Excellent
E2337,Jane Smith,Finance,13,4.95,43,63.66,30-08-2026,Average
E2338,David Wilson,Sales,22,4.5,47,65.28,31-08-2026,Average
E2339,Jane Smith,Sales,39,1.86,35,99.8,01-09-2026,Excellent
E2340,Robert Brown,Sales,12,1.62,45,66.96,02-09-2026,Average
E2341,Emily Davis,Marketing,37,0.76,37,65.47,03-09-2026,Average
E2342,Michael Johnson,Sales,20,0.93,48,80.06,04-09-2026,Good
E2343,Michael Johnson,Marketing,28,3.45,39,97.83,05-09-2026,Excellent
E2344,David Wilson,IT,47,2.9,50,74.62,06-09-2026,Average
E2345,Emily Davis,Sales,25,0.54,37,95.06,07-09-2026,Excellent
E2346,Michael Johnson,HR,11,4.09,30,87.41,08-09-2026,Good
E2347,Jane Smith,HR,49,4.21,35,98.95,09-09-2026,Excellent
E2348,Michael Johnson,Marketing,41,0.67,46,95.08,10-09-2026,Excellent
E2349,Robert Brown,HR,42,0.7,40,60.94,11-09-2026,Average
E2350,Jane Smith,Sales,43,4.37,38,87.57,12-09-2026,Good
E2351,Robert Brown,Sales,40,1.37,40,75.34,13-09-2026,Good
E2352,John Doe,Marketing,48,3.19,50,70.15,14-09-2026,Average
E2353,Jane Smith,Sales,18,4.49,41,61.98,15-09-2026,Average
E2354,Emily Davis,Marketing,17,4.96,44,69.47,16-09-2026,Average
E2355,James Anderson,HR,41,0.94,33,60.67,17-09-2026,Average
E2356,Michael Johnson,Finance,23,3.41,47,91.42,18-09-2026,Excellent
E2357,Michael Johnson,IT,10,2.41,30,83.55,19-09-2026,Good
E2358,David Wilson,Marketing,37,1.74,34,82.33,20-09-2026,Good
E2359,Sarah Lee,Sales,50,4.82,43,97.44,21-09-2026,Excellent
E2360,James Anderson,HR,39,4.51,41,90.23,22-09-2026,Excellent
E2361,David Wilson,Finance,32,4.22,43,66.77,23-09-2026,Average
E2362,Jane Smith,HR,24,4.98,34,79.59,24-09-2026,Good
E2363,James Anderson,Sales,24,3.98,33,91.12,25-09-2026,Excellent
E2364,Robert Brown,Sales,13,1.77,40,77.58,26-09-2026,Good
E2365,Olivia Thomas,Sales,46,4.8,41,63.35,27-09-2026,Average
E2366,Sophia Martinez,Sales,31,2.06,50,64.22,28-09-2026,Average
E2367,Michael Johnson,Sales,17,1.79,39,84.41,29-09-2026,Good
E2368,Emily Davis,Marketing,46,0.62,32,61.48,30-09-2026,Average
E2369,Jane Smith,Marketing,47,2.52,44,93.67,01-10-2026,Excellent
E2370,Jane Smith,IT,18,1.42,41,66.9,02-10-2026,Average
E2371,Olivia Thomas,Marketing,25,1.01,34,92.31,03-10-2026,Excellent
E2372,Michael Johnson,HR,11,3.28,48,82.79,04-10-2026,Good
E2373,David Wilson,Finance,15,2.09,50,84.57,05-10-2026,Good
E2374,John Doe,Finance,44,2.43,43,77.99,06-10-2026,Good
E2375,James Anderson,HR,46,0.67,43,75.81,07-10-2026,Good
E2376,James Anderson,Finance,10,2.98,32,72.96,08-10-2026,Average
E2377,Jane Smith,Sales,30,2.75,36,65.59,09-10-2026,Average
E2378,James Anderson,HR,37,2.73,45,75.07,10-10-2026,Good
E2379,Olivia Thomas,HR,18,2.47,43,63.37,11-10-2026,Average
E2380,James Anderson,IT,43,1.08,34,90.51,12-10-2026,Excellent
E2381,John Doe,Marketing,18,1.27,44,72.39,13-10-2026,Average
E2382,John Doe,Finance,25,1.32,37,99.51,14-10-2026,Excellent
E2383,David Wilson,HR,43,2.47,34,81.46,15-10-2026,Good
E2384,Olivia Thomas,Finance,41,2.7,47,92.53,16-10-2026,Excellent
E2385,John Doe,HR,27,3.1,48,75.42,17-10-2026,Good
E2386,Emily Davis,IT,10,3.08,39,75.69,18-10-2026,Good
E2387,Sophia Martinez,Marketing,35,4.29,30,70.38,19-10-2026,Average
E2388,Emily Davis,Finance,39,0.76,48,99.98,20-10-2026,Excellent
E2389,Robert Brown,Marketing,26,4.01,40,97.72,21-10-2026,Excellent
E2390,Olivia Thomas,IT,32,3.01,38,76.65,22-10-2026,Good
E2391,Michael Johnson,Sales,37,2.47,34,80.68,23-10-2026,Good
E2392,James Anderson,IT,24,3.39,37,73.17,24-10-2026,Average
E2393,Sarah Lee,Sales,38,4.12,45,87.03,25-10-2026,Good
E2394,Michael Johnson,Sales,16,3.72,36,61.14,26-10-2026,Average
E2395,Sarah Lee,Finance,39,1.81,34,78.54,27-10-2026,Good
E2396,David Wilson,Sales,27,3.62,31,69.74,28-10-2026,Average
E2397,Robert Brown,Sales,45,0.92,37,92.62,29-10-2026,Excellent
E2398,James Anderson,Sales,48,4.34,35,99.34,30-10-2026,Excellent
E2399,Sophia Martinez,IT,37,3.82,44,81.4,31-10-2026,Good
E2400,Olivia Thomas,IT,40,3.43,40,66.56,01-11-2026,Average
E2401,David Wilson,Sales,47,2.97,37,82.41,02-11-2026,Good
E2402,David Wilson,Finance,50,3,50,78.77,03-11-2026,Good
E2403,Olivia Thomas,Marketing,32,3.37,36,83.97,04-11-2026,Good
E2404,Olivia Thomas,Marketing,45,2.84,43,65.41,05-11-2026,Average
E2405,Olivia Thomas,HR,48,2.83,40,92.22,06-11-2026,Excellent
E2406,Emily Davis,Finance,21,2.18,36,62.81,07-11-2026,Average
E2407,James Anderson,HR,15,2.55,39,87.77,08-11-2026,Good
E2408,Olivia Thomas,HR,35,4.32,38,73.13,09-11-2026,Average
E2409,Olivia Thomas,IT,28,1.41,46,88.87,10-11-2026,Good
E2410,John Doe,IT,23,1.26,39,72.18,11-11-2026,Average
E2411,Olivia Thomas,Sales,40,0.92,49,67.28,12-11-2026,Average
E2412,David Wilson,Marketing,14,3.73,45,87.78,13-11-2026,Good
E2413,Olivia Thomas,Marketing,14,3.74,39,86.27,14-11-2026,Good
E2414,Robert Brown,Marketing,21,4.35,43,78.93,15-11-2026,Good
E2415,Sophia Martinez,Finance,41,2.49,48,79.31,16-11-2026,Good
E2416,Sarah Lee,Finance,11,1.56,39,81.65,17-11-2026,Good
E2417,Sophia Martinez,Sales,44,1.34,31,69.65,18-11-2026,Average
E2418,Jane Smith,IT,38,2.12,46,66.52,19-11-2026,Average
E2419,John Doe,Sales,44,1.75,43,68.42,20-11-2026,Average
E2420,James Anderson,Finance,32,1.21,31,78.8,21-11-2026,Good
E2421,Emily Davis,IT,45,0.82,42,88.97,22-11-2026,Good
E2422,Michael Johnson,Marketing,32,1.48,41,70.04,23-11-2026,Average
E2423,Jane Smith,HR,31,2.04,44,96.63,24-11-2026,Excellent
E2424,Sarah Lee,Sales,14,3.28,35,65.31,25-11-2026,Average
E2425,Sophia Martinez,Sales,50,2.08,37,76.21,26-11-2026,Good
E2426,Emily Davis,Sales,42,1.01,45,84.49,27-11-2026,Good
E2427,Sophia Martinez,IT,10,4.32,36,96.56,28-11-2026,Excellent
E2428,Sophia Martinez,Sales,15,1.65,41,68.34,29-11-2026,Average
E2429,David Wilson,Sales,46,3.58,31,89.54,30-11-2026,Good
E2430,Olivia Thomas,HR,49,0.74,39,92.75,01-12-2026,Excellent
E2431,John Doe,Sales,27,2.34,33,75.15,02-12-2026,Good
E2432,John Doe,Sales,46,2.06,39,93.19,03-12-2026,Excellent
E2433,Olivia Thomas,Sales,28,0.98,34,68.12,04-12-2026,Average
E2434,Sophia Martinez,Marketing,38,0.69,36,67.09,05-12-2026,Average
E2435,Emily Davis,Marketing,50,1.27,34,69.8,06-12-2026,Average
E2436,Emily Davis,Marketing,14,0.66,35,95.52,07-12-2026,Excellent
E2437,David Wilson,Marketing,22,4.2,37,89.13,08-12-2026,Good
E2438,Sarah Lee,IT,46,2.98,36,75.34,09-12-2026,Good
E2439,Jane Smith,HR,28,0.72,43,99.1,10-12-2026,Excellent
E2440,James Anderson,IT,16,1.85,32,77.06,11-12-2026,Good
E2441,Sophia Martinez,Sales,28,1.34,38,88.78,12-12-2026,Good
E2442,Michael Johnson,IT,21,2.72,46,73.71,13-12-2026,Average
E2443,Robert Brown,HR,15,1.93,45,74.48,14-12-2026,Average
E2444,James Anderson,Marketing,37,3.85,41,72.35,15-12-2026,Average
E2445,Sarah Lee,Finance,49,4.19,39,85.04,16-12-2026,Good
E2446,Jane Smith,HR,12,1.98,43,66.81,17-12-2026,Average
E2447,Sarah Lee,Finance,42,4.86,32,98.31,18-12-2026,Excellent
E2448,Jane Smith,HR,39,4.55,40,67.21,19-12-2026,Average
E2449,Michael Johnson,Marketing,49,4.52,33,63.49,20-12-2026,Average
E2450,Emily Davis,Sales,45,4.08,31,69.07,21-12-2026,Average
E2451,David Wilson,Sales,24,2.76,38,65.41,22-12-2026,Average
E2452,Olivia Thomas,Finance,13,1.92,36,92.98,23-12-2026,Excellent
E2453,Michael Johnson,Marketing,40,2.52,37,72.41,24-12-2026,Average
E2454,Robert Brown,IT,22,2.06,47,93.78,25-12-2026,Excellent
E2455,Sophia Martinez,Marketing,36,2.21,36,63.87,26-12-2026,Average
E2456,Michael Johnson,IT,35,2.37,31,96.46,27-12-2026,Excellent
E2457,John Doe,HR,36,3.87,30,67.06,28-12-2026,Average
E2458,Emily Davis,HR,36,4.81,36,97,29-12-2026,Excellent
E2459,Sarah Lee,IT,23,3.32,32,70.35,30-12-2026,Average
E2460,John Doe,Sales,38,2.88,37,60.95,31-12-2026,Average
E2461,Emily Davis,IT,42,2.98,32,80.19,01-01-2027,Good
E2462,James Anderson,Sales,19,4.86,39,62.1,02-01-2027,Average
E2463,Sarah Lee,Sales,40,1.51,30,96.49,03-01-2027,Excellent
E2464,Jane Smith,Sales,33,0.54,45,73.16,04-01-2027,Average
E2465,Olivia Thomas,Marketing,48,3.19,39,89.6,05-01-2027,Good
E2466,John Doe,Finance,30,1.4,32,65.7,06-01-2027,Average
E2467,Emily Davis,HR,47,1.7,31,81.41,07-01-2027,Good
E2468,Olivia Thomas,HR,16,2.2,43,85.26,08-01-2027,Good
E2469,Jane Smith,Marketing,44,0.6,50,69.02,09-01-2027,Average
E2470,Olivia Thomas,Sales,18,0.7,39,66.17,10-01-2027,Average
E2471,Michael Johnson,Finance,45,0.83,39,66.99,11-01-2027,Average
E2472,Robert Brown,HR,23,2.45,38,77.28,12-01-2027,Good
E2473,Olivia Thomas,IT,16,4.56,38,97.11,13-01-2027,Excellent
E2474,Jane Smith,HR,50,1.78,47,95.16,14-01-2027,Excellent
E2475,John Doe,HR,43,1.05,37,84.29,15-01-2027,Good
E2476,Sarah Lee,IT,47,1.24,48,80.25,16-01-2027,Good
E2477,Michael Johnson,Marketing,46,2.16,35,99.48,17-01-2027,Excellent
E2478,Olivia Thomas,Finance,19,1.23,34,91.87,18-01-2027,Excellent
E2479,Emily Davis,Marketing,35,3.12,35,99.24,19-01-2027,Excellent
E2480,Michael Johnson,Sales,11,2.28,40,62.81,20-01-2027,Average
E2481,Sarah Lee,IT,14,4.06,32,61.72,21-01-2027,Average
E2482,Sophia Martinez,Finance,22,2.28,36,99.79,22-01-2027,Excellent
E2483,Olivia Thomas,Marketing,21,3.16,35,77.64,23-01-2027,Good
E2484,John Doe,Marketing,13,4.89,36,85.98,24-01-2027,Good
E2485,Michael Johnson,Sales,26,1.78,48,73.53,25-01-2027,Average
E2486,David Wilson,Sales,27,1.26,44,80.62,26-01-2027,Good
E2487,Sarah Lee,Marketing,33,4.19,44,80.93,27-01-2027,Good
E2488,Robert Brown,Finance,25,2.9,49,83.64,28-01-2027,Good
E2489,James Anderson,HR,40,0.74,41,62.94,29-01-2027,Average
E2490,Jane Smith,HR,46,3.61,50,91.76,30-01-2027,Excellent
E2491,James Anderson,HR,17,4.66,47,68.8,31-01-2027,Average
E2492,Robert Brown,IT,40,1.13,31,86.1,01-02-2027,Good
E2493,Olivia Thomas,Sales,43,3.06,39,67.1,02-02-2027,Average
E2494,Michael Johnson,Finance,31,2.29,33,99.76,03-02-2027,Excellent
E2495,David Wilson,Finance,46,2.7,44,63.34,04-02-2027,Average
E2496,Sophia Martinez,Sales,12,4.4,50,72.58,05-02-2027,Average
E2497,Robert Brown,IT,37,2.73,40,94.07,06-02-2027,Excellent
E2498,David Wilson,Finance,49,2.98,36,95.76,07-02-2027,Excellent
E2499,Emily Davis,HR,45,3.48,43,61.48,08-02-2027,Average
E2500,John Doe,Sales,11,3.18,41,78.48,09-02-2027,Good
E2501,James Anderson,IT,34,1.76,33,67.41,10-02-2027,Average
E2502,John Doe,Finance,42,3.22,44,67.19,11-02-2027,Average
E2503,David Wilson,Sales,12,0.63,33,78.93,12-02-2027,Good
E2504,Sarah Lee,Sales,31,3.75,32,80.12,13-02-2027,Good
E2505,Robert Brown,Finance,31,3.21,39,80.45,14-02-2027,Good
E2506,Jane Smith,IT,26,4.32,42,62.91,15-02-2027,Average
E2507,Sarah Lee,Marketing,27,4.93,46,68.57,16-02-2027,Average
E2508,Sophia Martinez,Marketing,29,2.09,30,82.63,17-02-2027,Good
E2509,Emily Davis,HR,35,1.12,39,80.2,18-02-2027,Good
E2510,Robert Brown,Marketing,41,4.84,44,74.34,19-02-2027,Average
E2511,Emily Davis,IT,31,2.82,36,82.83,20-02-2027,Good
E2512,Michael Johnson,IT,32,3.63,46,90.61,21-02-2027,Excellent
E2513,Emily Davis,HR,13,1.84,34,86.63,22-02-2027,Good
E2514,Olivia Thomas,Sales,37,4.78,43,68.36,23-02-2027,Average
E2515,Sophia Martinez,HR,42,2.66,42,72.9,24-02-2027,Average
E2516,Michael Johnson,HR,11,4.48,45,72.71,25-02-2027,Average
E2517,Jane Smith,Sales,21,1.09,31,66.3,26-02-2027,Average
E2518,Olivia Thomas,Marketing,15,3.6,45,71.35,27-02-2027,Average
E2519,John Doe,Marketing,24,4.12,34,69.7,28-02-2027,Average
E2520,Robert Brown,HR,13,1.09,36,92.18,01-03-2027,Excellent
E2521,Jane Smith,Marketing,42,3.17,31,70.89,02-03-2027,Average
E2522,James Anderson,Marketing,24,1.58,50,67.52,03-03-2027,Average
E2523,Robert Brown,Finance,44,4.05,40,73.93,04-03-2027,Average
E2524,Jane Smith,Marketing,25,1.69,38,72.97,05-03-2027,Average
E2525,Sarah Lee,HR,38,2.07,33,95.93,06-03-2027,Excellent
E2526,Jane Smith,HR,44,4.68,30,98.32,07-03-2027,Excellent
E2527,Emily Davis,Marketing,10,2.89,41,75.03,08-03-2027,Good
E2528,James Anderson,IT,39,1.66,41,94.7,09-03-2027,Excellent
E2529,James Anderson,Sales,11,1.11,48,64.88,10-03-2027,Average
E2530,Olivia Thomas,HR,11,3.64,34,80.18,11-03-2027,Good
E2531,Jane Smith,IT,13,2.67,46,69.74,12-03-2027,Average
E2532,John Doe,Marketing,46,2.97,31,68.15,13-03-2027,Average
E2533,Olivia Thomas,IT,36,3.3,32,61.69,14-03-2027,Average
E2534,Jane Smith,HR,44,3.29,39,78.3,15-03-2027,Good
E2535,David Wilson,Finance,45,3.62,39,64.51,16-03-2027,Average
E2536,Emily Davis,Finance,41,3.34,42,97.16,17-03-2027,Excellent
E2537,David Wilson,Sales,29,4.5,47,69.67,18-03-2027,Average
E2538,James Anderson,IT,32,1.76,50,75.89,19-03-2027,Good
E2539,Sarah Lee,Sales,17,1.36,37,99.8,20-03-2027,Excellent
E2540,John Doe,Marketing,20,3.5,47,63.23,21-03-2027,Average
E2541,Michael Johnson,IT,37,2.2,43,80.07,22-03-2027,Good
E2542,Emily Davis,Finance,48,3.18,31,83.12,23-03-2027,Good
E2543,James Anderson,IT,38,4.38,33,81.02,24-03-2027,Good
E2544,James Anderson,HR,15,0.98,36,85.86,25-03-2027,Good
E2545,Jane Smith,Sales,18,1.49,44,61.43,26-03-2027,Average
E2546,David Wilson,IT,36,4.22,45,76.16,27-03-2027,Good
E2547,James Anderson,Marketing,38,0.77,34,90.57,28-03-2027,Excellent
E2548,Olivia Thomas,Marketing,44,3.38,45,89.66,29-03-2027,Good
E2549,Olivia Thomas,IT,14,2.37,46,78.33,30-03-2027,Good
E2550,Sarah Lee,IT,33,4.77,35,86.62,31-03-2027,Good
E2551,Sarah Lee,IT,11,4.82,32,66.36,01-04-2027,Average
E2552,Michael Johnson,Marketing,29,3.61,50,98.13,02-04-2027,Excellent
E2553,Jane Smith,IT,44,1.18,44,77.65,03-04-2027,Good
E2554,Olivia Thomas,Finance,18,2.68,31,83.53,04-04-2027,Good
E2555,John Doe,Finance,42,3.67,42,75.86,05-04-2027,Good
E2556,Emily Davis,IT,38,1.1,31,66.03,06-04-2027,Average
E2557,Jane Smith,Sales,35,2.21,35,82.29,07-04-2027,Good
E2558,Michael Johnson,Marketing,13,3.77,50,75.88,08-04-2027,Good
E2559,John Doe,IT,39,2.27,37,98.92,09-04-2027,Excellent
E2560,Robert Brown,HR,21,2.2,33,79.04,10-04-2027,Good
E2561,Olivia Thomas,Finance,15,0.99,48,83.73,11-04-2027,Good
E2562,Robert Brown,IT,49,2.62,31,72.87,12-04-2027,Average
E2563,Jane Smith,Finance,45,0.79,39,60.9,13-04-2027,Average
E2564,David Wilson,Sales,17,4.3,37,61.14,14-04-2027,Average
E2565,James Anderson,HR,25,3.69,46,94.11,15-04-2027,Excellent
E2566,Emily Davis,IT,20,1.33,35,63.7,16-04-2027,Average
E2567,Sarah Lee,Marketing,12,3.33,31,81.93,17-04-2027,Good
E2568,Olivia Thomas,Finance,31,3.4,31,86.73,18-04-2027,Good
E2569,Robert Brown,IT,49,4.65,35,99.35,19-04-2027,Excellent
E2570,Sophia Martinez,Finance,20,1.43,33,60.66,20-04-2027,Average
E2571,Olivia Thomas,Finance,33,4.08,36,85.63,21-04-2027,Good
E2572,John Doe,HR,20,3.65,36,86.77,22-04-2027,Good
E2573,Michael Johnson,Marketing,10,3.94,50,79.73,23-04-2027,Good
E2574,David Wilson,IT,15,4.93,30,63.42,24-04-2027,Average
E2575,David Wilson,Marketing,22,2.33,49,77.6,25-04-2027,Good
E2576,Michael Johnson,HR,42,3.44,34,66.95,26-04-2027,Average
E2577,Jane Smith,HR,34,0.99,50,81.61,27-04-2027,Good
E2578,Jane Smith,Finance,50,1.97,36,68.86,28-04-2027,Average
E2579,John Doe,Sales,43,2.32,48,95.01,29-04-2027,Excellent
E2580,Olivia Thomas,IT,26,1.12,42,76.18,30-04-2027,Good
E2581,Jane Smith,Sales,20,3.43,36,81.56,01-05-2027,Good
E2582,John Doe,Finance,47,3.3,44,80.51,02-05-2027,Good
E2583,Robert Brown,HR,36,4.49,44,77.82,03-05-2027,Good
E2584,Jane Smith,Marketing,25,2.47,43,84.09,04-05-2027,Good
E2585,John Doe,HR,21,1.47,34,72.5,05-05-2027,Average
E2586,Emily Davis,Finance,27,2.49,33,67.6,06-05-2027,Average
E2587,James Anderson,HR,26,2.58,34,91.05,07-05-2027,Excellent
E2588,Jane Smith,Sales,43,0.56,48,84.46,08-05-2027,Good
E2589,John Doe,Sales,34,4.68,47,91.06,09-05-2027,Excellent
E2590,Olivia Thomas,Finance,39,4.71,32,70.63,10-05-2027,Average
E2591,Sarah Lee,HR,36,1.52,32,67.25,11-05-2027,Average
E2592,Sophia Martinez,Marketing,17,4.75,37,67.93,12-05-2027,Average
E2593,Sophia Martinez,IT,18,4.04,43,96.79,13-05-2027,Excellent
E2594,Emily Davis,Finance,22,2.37,49,96.87,14-05-2027,Excellent
E2595,David Wilson,Marketing,20,3.09,43,93.79,15-05-2027,Excellent
E2596,Michael Johnson,HR,15,2.79,31,69.44,16-05-2027,Average
E2597,Jane Smith,Marketing,48,3.24,42,63.18,17-05-2027,Average
E2598,Sarah Lee,IT,17,0.86,45,90.99,18-05-2027,Excellent
E2599,Michael Johnson,Sales,16,3.02,50,75.95,19-05-2027,Good
E2600,Emily Davis,Finance,28,4.99,34,90.88,20-05-2027,Excellent
E2601,John Doe,Sales,30,3.03,38,86.12,21-05-2027,Good
E2602,Michael Johnson,Finance,43,3.42,41,70.96,22-05-2027,Average
E2603,John Doe,HR,10,1.56,37,87.6,23-05-2027,Good
E2604,Sarah Lee,HR,36,3.5,49,75.18,24-05-2027,Good
E2605,Sophia Martinez,IT,11,0.79,34,82.89,25-05-2027,Good
E2606,Robert Brown,IT,50,1.81,50,96.66,26-05-2027,Excellent
E2607,David Wilson,Sales,40,4.35,43,95.92,27-05-2027,Excellent
E2608,James Anderson,Finance,46,2.18,48,80.63,28-05-2027,Good
E2609,Sarah Lee,HR,17,4.48,47,62.72,29-05-2027,Average
E2610,Jane Smith,Finance,49,2.99,33,91.72,30-05-2027,Excellent
E2611,Sarah Lee,Finance,35,4.18,48,98.9,31-05-2027,Excellent
E2612,Olivia Thomas,IT,13,0.95,31,88.25,01-06-2027,Good
E2613,Emily Davis,IT,38,1.24,42,64.07,02-06-2027,Average
E2614,Jane Smith,IT,16,4.83,41,81.1,03-06-2027,Good
E2615,Jane Smith,IT,24,4.6,43,66.92,04-06-2027,Average
E2616,Robert Brown,Marketing,41,4.01,43,91.61,05-06-2027,Excellent
E2617,David Wilson,HR,22,1.4,34,61.09,06-06-2027,Average
E2618,James Anderson,IT,14,4.07,49,74.84,07-06-2027,Average
E2619,Sarah Lee,HR,37,4.37,42,71.14,08-06-2027,Average
E2620,Jane Smith,HR,23,1.38,47,64.45,09-06-2027,Average
E2621,Emily Davis,Finance,35,3.99,41,97.93,10-06-2027,Excellent
E2622,Olivia Thomas,HR,45,1.24,48,91.65,11-06-2027,Excellent
E2623,James Anderson,Marketing,34,4.57,43,60.73,12-06-2027,Average
E2624,John Doe,Sales,38,3.88,35,72.3,13-06-2027,Average
E2625,James Anderson,Marketing,44,3.68,45,60.04,14-06-2027,Average
E2626,James Anderson,IT,27,2.86,35,96.56,15-06-2027,Excellent
E2627,John Doe,Sales,26,2.76,35,97.58,16-06-2027,Excellent
E2628,James Anderson,IT,38,0.64,45,61.22,17-06-2027,Average
E2629,Olivia Thomas,IT,47,1.83,40,94.35,18-06-2027,Excellent
E2630,Sophia Martinez,HR,13,1.39,36,64.26,19-06-2027,Average
E2631,Michael Johnson,IT,33,3.31,50,61.38,20-06-2027,Average
E2632,Michael Johnson,Marketing,37,1.66,48,97.25,21-06-2027,Excellent
E2633,James Anderson,Sales,27,0.68,30,86.95,22-06-2027,Good
E2634,Emily Davis,Finance,50,1.19,36,87.62,23-06-2027,Good
E2635,David Wilson,Finance,13,2.18,45,69.94,24-06-2027,Average
E2636,Emily Davis,HR,31,1.16,42,69.77,25-06-2027,Average
E2637,Robert Brown,IT,11,3.58,45,97.53,26-06-2027,Excellent
E2638,Olivia Thomas,Sales,37,4.65,48,95.47,27-06-2027,Excellent
E2639,Jane Smith,IT,13,0.98,42,64.8,28-06-2027,Average
E2640,Sarah Lee,Finance,16,4.24,49,76.47,29-06-2027,Good
E2641,Jane Smith,HR,33,3.77,36,77.7,30-06-2027,Good
E2642,Emily Davis,IT,18,3.32,32,95.87,01-07-2027,Excellent
E2643,John Doe,Marketing,10,3.55,37,94.62,02-07-2027,Excellent
E2644,Olivia Thomas,Finance,11,3.61,35,83.78,03-07-2027,Good
E2645,Jane Smith,HR,15,2.43,50,89.72,04-07-2027,Good
E2646,Jane Smith,IT,47,3.09,48,75.83,05-07-2027,Good
E2647,Jane Smith,Finance,45,4.91,48,79.35,06-07-2027,Good
E2648,Sophia Martinez,Sales,33,3.23,45,60.73,07-07-2027,Average
E2649,Michael Johnson,Sales,44,1.22,30,72.62,08-07-2027,Average
E2650,John Doe,Sales,31,0.99,42,89.88,09-07-2027,Good
E2651,Jane Smith,IT,13,0.6,39,81.53,10-07-2027,Good
E2652,Sophia Martinez,IT,40,4.63,33,62.73,11-07-2027,Average
E2653,Jane Smith,HR,22,2.98,35,85.42,12-07-2027,Good
E2654,Olivia Thomas,HR,46,1.2,45,73.45,13-07-2027,Average
E2655,David Wilson,IT,35,2.93,32,97.06,14-07-2027,Excellent
E2656,Robert Brown,Finance,29,2.12,39,70.27,15-07-2027,Average
E2657,Sarah Lee,Finance,40,4.06,41,68.68,16-07-2027,Average
E2658,Emily Davis,IT,10,0.59,36,94.66,17-07-2027,Excellent
E2659,Emily Davis,Sales,35,1.6,44,91.85,18-07-2027,Excellent
E2660,Sarah Lee,HR,34,2.29,49,88.12,19-07-2027,Good
E2661,Jane Smith,IT,30,2.31,33,95.51,20-07-2027,Excellent
E2662,Robert Brown,IT,17,2,32,78.24,21-07-2027,Good
E2663,Robert Brown,HR,21,4.96,46,61.69,22-07-2027,Average
E2664,Michael Johnson,Finance,25,3.73,39,70.86,23-07-2027,Average
E2665,David Wilson,IT,43,3.27,35,74.53,24-07-2027,Average
E2666,James Anderson,Sales,11,2.04,41,72.36,25-07-2027,Average
E2667,Michael Johnson,HR,26,4.85,50,65.76,26-07-2027,Average
E2668,James Anderson,Finance,36,3.41,35,74.5,27-07-2027,Average
E2669,James Anderson,IT,22,1.02,49,92.24,28-07-2027,Excellent
E2670,James Anderson,Finance,39,1.31,33,66.65,29-07-2027,Average
E2671,Robert Brown,Sales,12,4.41,42,75.29,30-07-2027,Good
E2672,Michael Johnson,Sales,32,2.63,38,70.8,31-07-2027,Average
E2673,James Anderson,Sales,25,3.19,45,72.16,01-08-2027,Average
E2674,Jane Smith,Finance,17,3.73,35,62.24,02-08-2027,Average
E2675,Emily Davis,Sales,46,0.8,42,83.49,03-08-2027,Good
E2676,John Doe,HR,44,4.91,33,81.68,04-08-2027,Good
E2677,Jane Smith,Marketing,27,2.8,39,76.89,05-08-2027,Good
E2678,Sarah Lee,HR,21,0.61,32,60.52,06-08-2027,Average
E2679,John Doe,HR,11,1.22,31,63.24,07-08-2027,Average
E2680,Michael Johnson,HR,22,1.2,34,92.73,08-08-2027,Excellent
E2681,Sophia Martinez,HR,22,0.76,50,77.15,09-08-2027,Good
E2682,Olivia Thomas,Marketing,12,1.55,38,81.85,10-08-2027,Good
E2683,Olivia Thomas,Marketing,32,2.72,33,62.5,11-08-2027,Average
E2684,Olivia Thomas,Finance,15,4.17,37,77.52,12-08-2027,Good
E2685,Sarah Lee,Marketing,15,2.75,41,69.04,13-08-2027,Average
E2686,Emily Davis,Finance,33,0.55,40,84.12,14-08-2027,Good
E2687,Jane Smith,Finance,50,3.92,48,72.84,15-08-2027,Average
E2688,Sarah Lee,HR,23,3.12,44,63.97,16-08-2027,Average
E2689,Robert Brown,IT,20,1.19,49,99.06,17-08-2027,Excellent
E2690,Jane Smith,Sales,39,2.14,47,63.17,18-08-2027,Average
E2691,Robert Brown,IT,10,1.53,31,71.78,19-08-2027,Average
E2692,James Anderson,Marketing,49,2.02,33,74.81,20-08-2027,Average
E2693,Michael Johnson,Finance,23,2.7,36,95.72,21-08-2027,Excellent
E2694,David Wilson,IT,44,1.96,42,62.23,22-08-2027,Average
E2695,John Doe,Marketing,26,0.9,50,60.38,23-08-2027,Average
E2696,Sarah Lee,IT,46,3.95,47,67.59,24-08-2027,Average
E2697,John Doe,Marketing,39,2.87,45,79.99,25-08-2027,Good
E2698,David Wilson,Finance,45,2.34,38,83.66,26-08-2027,Good
E2699,Sarah Lee,HR,13,1.03,40,87.13,27-08-2027,Good
E2700,Michael Johnson,Sales,18,3.54,45,82.12,28-08-2027,Good
E2701,Jane Smith,IT,32,3.4,50,94.13,29-08-2027,Excellent
E2702,James Anderson,IT,30,4.53,49,74.64,30-08-2027,Average
E2703,John Doe,Marketing,26,2.63,46,77.85,31-08-2027,Good
E2704,Olivia Thomas,HR,14,0.98,30,61.49,01-09-2027,Average
E2705,Sophia Martinez,HR,38,1.38,48,80.65,02-09-2027,Good
E2706,Robert Brown,HR,26,1.06,31,98.78,03-09-2027,Excellent
E2707,Jane Smith,Finance,36,1.74,33,63.22,04-09-2027,Average
E2708,Jane Smith,Finance,45,2.92,36,74.31,05-09-2027,Average
E2709,James Anderson,IT,13,1.16,41,60.49,06-09-2027,Average
E2710,James Anderson,HR,38,2.53,39,75.82,07-09-2027,Good
E2711,Sophia Martinez,HR,42,1.31,40,68.08,08-09-2027,Average
E2712,Jane Smith,Finance,34,4.31,35,73.84,09-09-2027,Average
E2713,Sophia Martinez,Sales,50,2.87,49,70.36,10-09-2027,Average
E2714,Olivia Thomas,Finance,47,4.83,45,89.93,11-09-2027,Good
E2715,Robert Brown,Finance,37,3.69,49,92.67,12-09-2027,Excellent
E2716,Jane Smith,HR,12,1.5,37,93.5,13-09-2027,Excellent
E2717,Sarah Lee,HR,46,1.62,46,95.83,14-09-2027,Excellent
E2718,Jane Smith,Finance,45,2.09,37,90.6,15-09-2027,Excellent
E2719,Jane Smith,Sales,48,3.85,31,94.18,16-09-2027,Excellent
E2720,James Anderson,Finance,50,3.25,47,78.79,17-09-2027,Good
E2721,Sarah Lee,Marketing,28,4.72,37,66.75,18-09-2027,Average
E2722,David Wilson,IT,39,1.69,40,92.97,19-09-2027,Excellent
E2723,Jane Smith,Sales,38,0.73,39,78.15,20-09-2027,Good
E2724,David Wilson,IT,31,1.34,35,62.48,21-09-2027,Average
E2725,Olivia Thomas,IT,19,3.69,34,76.54,22-09-2027,Good
E2726,Michael Johnson,Finance,43,2.88,37,64.79,23-09-2027,Average
E2727,Emily Davis,HR,38,0.81,45,79.38,24-09-2027,Good
E2728,Sarah Lee,Sales,45,2.3,39,80.91,25-09-2027,Good
E2729,Jane Smith,Finance,44,3.91,38,70.99,26-09-2027,Average
E2730,John Doe,Finance,15,5,36,82.25,27-09-2027,Good
E2731,Michael Johnson,Marketing,43,4.57,48,68.34,28-09-2027,Average
E2732,Jane Smith,Marketing,45,3.72,31,79.91,29-09-2027,Good
E2733,David Wilson,HR,32,2.85,32,94.86,30-09-2027,Excellent
E2734,Robert Brown,Finance,47,0.62,40,94.06,01-10-2027,Excellent
E2735,Sophia Martinez,HR,45,2.91,43,80.12,02-10-2027,Good
E2736,Olivia Thomas,Finance,23,2.92,46,74.15,03-10-2027,Average
E2737,Olivia Thomas,Sales,38,1.27,30,76.1,04-10-2027,Good
E2738,Michael Johnson,Marketing,31,3.94,30,84.73,05-10-2027,Good
E2739,David Wilson,Sales,17,4.6,30,70.45,06-10-2027,Average
E2740,Sophia Martinez,IT,41,2.91,38,99.62,07-10-2027,Excellent
E2741,Emily Davis,Marketing,16,2.05,50,78.85,08-10-2027,Good
E2742,Michael Johnson,Finance,21,3.77,37,62.05,09-10-2027,Average
E2743,James Anderson,Finance,16,0.85,49,91,10-10-2027,Excellent
E2744,David Wilson,IT,27,0.62,49,67.36,11-10-2027,Average
E2745,Emily Davis,IT,28,3.13,33,79.13,12-10-2027,Good
E2746,John Doe,Sales,21,1.46,49,60.06,13-10-2027,Average
E2747,Michael Johnson,Marketing,15,1.72,39,91.28,14-10-2027,Excellent
E2748,Sarah Lee,Sales,30,3.99,31,64.61,15-10-2027,Average
E2749,Jane Smith,Sales,50,2.78,34,72.66,16-10-2027,Average
E2750,Olivia Thomas,Sales,32,1.73,38,98.74,17-10-2027,Excellent
E2751,Olivia Thomas,Marketing,30,3.05,44,90.66,18-10-2027,Excellent
E2752,Sarah Lee,HR,47,2.49,40,87.64,19-10-2027,Good
E2753,James Anderson,Finance,27,1.12,33,91.6,20-10-2027,Excellent
E2754,Michael Johnson,HR,19,3.64,32,73.16,21-10-2027,Average
E2755,Sophia Martinez,Marketing,48,0.83,36,98.32,22-10-2027,Excellent
E2756,Jane Smith,HR,18,2.65,39,88.78,23-10-2027,Good
E2757,Olivia Thomas,Sales,22,0.93,30,63.81,24-10-2027,Average
E2758,Olivia Thomas,HR,35,3.05,32,82.25,25-10-2027,Good
E2759,David Wilson,HR,47,4.32,46,77.11,26-10-2027,Good
E2760,Olivia Thomas,Marketing,28,2.68,33,60.32,27-10-2027,Average
E2761,Emily Davis,Marketing,16,2.35,30,79.75,28-10-2027,Good
E2762,Robert Brown,Finance,12,2.26,47,91.52,29-10-2027,Excellent
E2763,Michael Johnson,Marketing,50,2.1,41,75.29,30-10-2027,Good
E2764,Olivia Thomas,IT,35,2.02,34,90.54,31-10-2027,Excellent
E2765,John Doe,HR,24,4.98,44,77.25,01-11-2027,Good
E2766,John Doe,Finance,21,2.59,42,81.6,02-11-2027,Good
E2767,Olivia Thomas,Marketing,14,3.78,50,69.35,03-11-2027,Average
E2768,John Doe,IT,16,4.65,43,77.6,04-11-2027,Good
E2769,James Anderson,Marketing,20,1.17,50,76.8,05-11-2027,Good
E2770,Robert Brown,Sales,26,0.98,45,71.31,06-11-2027,Average
E2771,Robert Brown,Sales,26,4.93,35,95.97,07-11-2027,Excellent
E2772,John Doe,Finance,18,2.7,48,62.05,08-11-2027,Average
E2773,John Doe,Marketing,10,3.54,40,96.28,09-11-2027,Excellent
E2774,Michael Johnson,HR,47,3.67,49,98.02,10-11-2027,Excellent
E2775,Sarah Lee,Marketing,22,3.94,46,68.08,11-11-2027,Average
E2776,Sophia Martinez,Sales,16,2.18,33,65.95,12-11-2027,Average
E2777,John Doe,HR,13,4.19,46,95.18,13-11-2027,Excellent
E2778,Olivia Thomas,Finance,46,1.8,39,72.96,14-11-2027,Average
E2779,James Anderson,Sales,40,2.6,38,61.14,15-11-2027,Average
E2780,John Doe,Marketing,10,4.83,31,83.64,16-11-2027,Good
E2781,Michael Johnson,HR,30,2.4,41,94.55,17-11-2027,Excellent
E2782,John Doe,Marketing,37,4.65,37,60.34,18-11-2027,Average
E2783,Robert Brown,HR,40,4.7,49,99.57,19-11-2027,Excellent
E2784,Robert Brown,Finance,38,3.86,49,61.67,20-11-2027,Average
E2785,Sophia Martinez,IT,37,2.12,44,81.77,21-11-2027,Good
E2786,Jane Smith,Sales,45,2.64,35,61.41,22-11-2027,Average
E2787,Robert Brown,Marketing,23,4.05,48,88.95,23-11-2027,Good
E2788,Sarah Lee,Sales,34,1.97,34,90.1,24-11-2027,Excellent
E2789,Emily Davis,Marketing,40,0.56,48,89.71,25-11-2027,Good
E2790,Michael Johnson,Marketing,45,4.91,36,93.02,26-11-2027,Excellent
E2791,Sarah Lee,Sales,44,0.92,35,86.75,27-11-2027,Good
E2792,Sophia Martinez,IT,24,1.31,49,75.9,28-11-2027,Good
E2793,Michael Johnson,Finance,14,1.7,43,93.53,29-11-2027,Excellent
E2794,John Doe,HR,45,3.11,33,78.03,30-11-2027,Good
E2795,Michael Johnson,Sales,23,4.77,45,66.8,01-12-2027,Average
E2796,Jane Smith,Finance,45,4.86,49,90.72,02-12-2027,Excellent
E2797,Robert Brown,IT,39,2.01,44,81.16,03-12-2027,Good
E2798,David Wilson,IT,11,2.85,37,95.65,04-12-2027,Excellent
E2799,Michael Johnson,Finance,48,2.06,35,60.43,05-12-2027,Average
E2800,David Wilson,IT,17,3.92,38,92.26,06-12-2027,Excellent
E2801,Michael Johnson,Sales,20,2.83,37,78.96,07-12-2027,Good
E2802,Sophia Martinez,Sales,28,4.25,33,73.82,08-12-2027,Average
E2803,James Anderson,Marketing,32,1.87,42,72.7,09-12-2027,Average
E2804,Olivia Thomas,HR,30,3.61,34,92.22,10-12-2027,Excellent
E2805,Robert Brown,IT,18,1.79,33,86.93,11-12-2027,Good
E2806,Olivia Thomas,Finance,41,4.93,30,82.75,12-12-2027,Good
E2807,Sophia Martinez,IT,40,2.81,40,60.99,13-12-2027,Average
E2808,James Anderson,Marketing,31,1.07,46,66.96,14-12-2027,Average
E2809,Robert Brown,HR,17,4.98,30,61.99,15-12-2027,Average
E2810,Olivia Thomas,HR,37,3.87,45,81.45,16-12-2027,Good
E2811,David Wilson,IT,20,4.22,36,73.68,17-12-2027,Average
E2812,Olivia Thomas,Sales,37,2.48,30,97.74,18-12-2027,Excellent
E2813,Sarah Lee,HR,28,2.68,41,90.35,19-12-2027,Excellent
E2814,John Doe,Finance,41,4.33,42,81.76,20-12-2027,Good
E2815,Robert Brown,HR,18,4.78,47,66.75,21-12-2027,Average
E2816,Michael Johnson,Sales,25,3.63,37,61,22-12-2027,Average
E2817,John Doe,Sales,28,2.95,35,81.57,23-12-2027,Good
E2818,Sarah Lee,Marketing,13,1.24,44,60.05,24-12-2027,Average
E2819,Emily Davis,Sales,34,1.92,33,76.63,25-12-2027,Good
E2820,Olivia Thomas,IT,46,4.87,35,78.78,26-12-2027,Good
E2821,Sarah Lee,HR,12,3.2,49,78.4,27-12-2027,Good
E2822,Sarah Lee,Finance,46,1.06,41,78.28,28-12-2027,Good
E2823,Robert Brown,Sales,22,3.15,42,79.22,29-12-2027,Good
E2824,Jane Smith,Finance,46,2.74,39,95.64,30-12-2027,Excellent
E2825,Sophia Martinez,Sales,34,0.7,37,75.78,31-12-2027,Good
E2826,Michael Johnson,HR,37,3.31,43,93.11,01-01-2028,Excellent
E2827,James Anderson,IT,47,1.74,39,68.16,02-01-2028,Average
E2828,John Doe,HR,35,2.22,33,85.57,03-01-2028,Good
E2829,David Wilson,Finance,16,3.06,34,82.79,04-01-2028,Good
E2830,Emily Davis,Finance,34,2.23,45,89.35,05-01-2028,Good
E2831,Olivia Thomas,Sales,50,4.61,33,61.49,06-01-2028,Average
E2832,Jane Smith,Marketing,24,4.84,44,92.82,07-01-2028,Excellent
E2833,Olivia Thomas,Finance,36,2.25,50,92.79,08-01-2028,Excellent
E2834,Sophia Martinez,Marketing,40,3.02,49,70.84,09-01-2028,Average
E2835,Robert Brown,Marketing,25,2.74,42,64.65,10-01-2028,Average
E2836,Sophia Martinez,HR,29,3,42,90.32,11-01-2028,Excellent
E2837,David Wilson,Finance,33,4.58,50,83.34,12-01-2028,Good
E2838,Jane Smith,IT,38,2.14,39,64.28,13-01-2028,Average
E2839,John Doe,Sales,28,4.59,36,74.88,14-01-2028,Average
E2840,Emily Davis,Finance,50,3.46,38,62.87,15-01-2028,Average
E2841,Emily Davis,Finance,38,1.11,38,93.84,16-01-2028,Excellent
E2842,Michael Johnson,Sales,44,1.74,36,97.33,17-01-2028,Excellent
E2843,Robert Brown,Sales,15,3.32,34,97.87,18-01-2028,Excellent
E2844,James Anderson,Sales,12,3.08,47,82.45,19-01-2028,Good
E2845,Olivia Thomas,IT,38,1.5,34,89.41,20-01-2028,Good
E2846,Jane Smith,Finance,35,4.87,36,69.21,21-01-2028,Average
E2847,Jane Smith,HR,21,4.4,49,85.96,22-01-2028,Good
E2848,James Anderson,IT,39,2.06,38,76.01,23-01-2028,Good
E2849,Jane Smith,Marketing,30,1.51,44,64.78,24-01-2028,Average
E2850,David Wilson,HR,31,2.98,31,96.76,25-01-2028,Excellent
E2851,James Anderson,Finance,20,1.38,36,74.66,26-01-2028,Average
E2852,James Anderson,IT,25,1.81,36,66.06,27-01-2028,Average
E2853,Sarah Lee,Marketing,39,4.23,43,96.81,28-01-2028,Excellent
E2854,John Doe,Marketing,48,3.83,32,95.16,29-01-2028,Excellent
E2855,Emily Davis,Sales,49,4.36,38,60.21,30-01-2028,Average
E2856,Emily Davis,Marketing,43,1.53,44,83.7,31-01-2028,Good
E2857,David Wilson,IT,49,2.71,46,73.34,01-02-2028,Average
E2858,Sophia Martinez,Finance,32,3.5,49,62.2,02-02-2028,Average
E2859,Olivia Thomas,Marketing,25,3.48,31,73.29,03-02-2028,Average
E2860,Michael Johnson,HR,43,1.94,33,86.16,04-02-2028,Good
E2861,Robert Brown,Marketing,45,4.44,45,90.21,05-02-2028,Excellent
E2862,Olivia Thomas,IT,30,4.21,44,85.62,06-02-2028,Good
E2863,Jane Smith,HR,31,2.94,30,66.96,07-02-2028,Average
E2864,Sophia Martinez,Sales,30,4.4,30,79.18,08-02-2028,Good
E2865,Sarah Lee,Finance,48,2.4,39,98.62,09-02-2028,Excellent
E2866,Olivia Thomas,HR,47,1.14,41,81.63,10-02-2028,Good
E2867,Olivia Thomas,IT,28,3.32,49,61.8,11-02-2028,Average
E2868,Sophia Martinez,Finance,25,3.4,43,62.35,12-02-2028,Average
E2869,John Doe,Finance,13,4.28,34,72.08,13-02-2028,Average
E2870,John Doe,Sales,13,4.24,48,84.87,14-02-2028,Good
E2871,Sarah Lee,Finance,35,3.43,32,87.36,15-02-2028,Good
E2872,Olivia Thomas,HR,35,4.72,45,81.09,16-02-2028,Good
E2873,Olivia Thomas,HR,26,2.18,46,72.25,17-02-2028,Average
E2874,Olivia Thomas,HR,22,3.49,38,97.4,18-02-2028,Excellent
E2875,Michael Johnson,HR,10,4.45,49,64.91,19-02-2028,Average
E2876,Olivia Thomas,Marketing,24,1.4,49,97.15,20-02-2028,Excellent
E2877,Sophia Martinez,IT,50,3.58,40,88.51,21-02-2028,Good
E2878,Emily Davis,Sales,40,1.74,38,60.24,22-02-2028,Average
E2879,Sarah Lee,Sales,12,4.76,50,82.29,23-02-2028,Good
E2880,James Anderson,Marketing,45,3.36,43,80.84,24-02-2028,Good
E2881,Emily Davis,Sales,23,4.62,46,93.78,25-02-2028,Excellent
E2882,Sophia Martinez,HR,41,1.02,35,66.58,26-02-2028,Average
E2883,Michael Johnson,Marketing,25,2.58,38,62.99,27-02-2028,Average
E2884,Robert Brown,HR,27,1.03,48,85.97,28-02-2028,Good
E2885,Olivia Thomas,Marketing,37,1.61,38,83.24,29-02-2028,Good
E2886,James Anderson,Finance,23,3.23,39,87.03,01-03-2028,Good
E2887,Sarah Lee,IT,32,1.25,32,92.46,02-03-2028,Excellent
E2888,David Wilson,Finance,23,3.16,47,86.33,03-03-2028,Good
E2889,Michael Johnson,Sales,43,1.63,35,83.14,04-03-2028,Good
E2890,Robert Brown,Sales,42,2.24,32,60.57,05-03-2028,Average
E2891,James Anderson,Finance,22,2.6,40,67.26,06-03-2028,Average
E2892,Sarah Lee,HR,41,2.05,43,66.77,07-03-2028,Average
E2893,Emily Davis,Marketing,12,1.25,33,63.79,08-03-2028,Average
E2894,Olivia Thomas,HR,27,1.72,38,72.04,09-03-2028,Average
E2895,Sarah Lee,IT,12,1.15,31,62.42,10-03-2028,Average
E2896,Emily Davis,Marketing,11,2.65,44,98.22,11-03-2028,Excellent
E2897,Jane Smith,HR,18,1.06,32,80.43,12-03-2028,Good
E2898,Sophia Martinez,IT,41,4.04,44,92.87,13-03-2028,Excellent
E2899,Emily Davis,Sales,38,1.51,37,67.4,14-03-2028,Average
E2900,Sarah Lee,HR,26,2.91,48,74.03,15-03-2028,Average
E2901,Olivia Thomas,Marketing,39,3.2,50,78.76,16-03-2028,Good
E2902,Sophia Martinez,Sales,23,0.53,40,96.74,17-03-2028,Excellent
E2903,Sophia Martinez,Marketing,32,3.96,33,62.79,18-03-2028,Average
E2904,Michael Johnson,IT,40,4.65,44,66.72,19-03-2028,Average
E2905,Michael Johnson,Finance,36,1.39,31,79.68,20-03-2028,Good
E2906,Jane Smith,Finance,24,2.37,43,93.18,21-03-2028,Excellent
E2907,Emily Davis,IT,25,3.57,33,60.82,22-03-2028,Average
E2908,Emily Davis,HR,36,2.19,44,71.63,23-03-2028,Average
E2909,Robert Brown,Sales,37,2.18,35,98.96,24-03-2028,Excellent
E2910,Olivia Thomas,Marketing,44,4.79,43,88.24,25-03-2028,Good
E2911,Emily Davis,Marketing,19,3.74,35,82.01,26-03-2028,Good
E2912,Emily Davis,IT,32,2.63,32,64.27,27-03-2028,Average
E2913,John Doe,IT,11,2.43,47,91.46,28-03-2028,Excellent
E2914,James Anderson,Marketing,13,4.78,33,62.29,29-03-2028,Average
E2915,John Doe,Sales,45,4.49,43,99.5,30-03-2028,Excellent
E2916,Sarah Lee,Marketing,24,2.48,30,92.52,31-03-2028,Excellent
E2917,Sophia Martinez,Sales,50,0.69,47,68.81,01-04-2028,Average
E2918,Michael Johnson,HR,33,1.29,39,88.77,02-04-2028,Good
E2919,David Wilson,IT,26,3.21,40,79.52,03-04-2028,Good
E2920,David Wilson,Marketing,46,1.16,49,97.9,04-04-2028,Excellent
E2921,David Wilson,HR,11,4.04,43,76.5,05-04-2028,Good
E2922,David Wilson,Marketing,50,1.29,39,60.59,06-04-2028,Average
E2923,Michael Johnson,Finance,37,4.36,41,95.34,07-04-2028,Excellent
E2924,Sarah Lee,HR,29,4.77,40,63.91,08-04-2028,Average
E2925,James Anderson,HR,46,3.94,32,94.32,09-04-2028,Excellent
E2926,Olivia Thomas,IT,50,3.67,50,68.07,10-04-2028,Average
E2927,Sarah Lee,Marketing,16,3.36,40,83.25,11-04-2028,Good
E2928,Robert Brown,Finance,47,2.45,47,85.59,12-04-2028,Good
E2929,David Wilson,IT,42,3.93,30,75.43,13-04-2028,Good
E2930,Michael Johnson,Sales,35,1.13,47,96.2,14-04-2028,Excellent
E2931,Sarah Lee,Marketing,31,4.27,35,83.76,15-04-2028,Good
E2932,Emily Davis,Sales,44,1.68,45,77.09,16-04-2028,Good
E2933,James Anderson,Finance,50,1.59,43,74.18,17-04-2028,Average
E2934,Robert Brown,Marketing,41,4.37,42,95.37,18-04-2028,Excellent
E2935,Emily Davis,Sales,38,3.24,40,72.56,19-04-2028,Average
E2936,John Doe,Sales,27,2.77,49,90.62,20-04-2028,Excellent
E2937,Robert Brown,Sales,43,3.93,42,92.57,21-04-2028,Excellent
E2938,Emily Davis,HR,38,1.31,34,96.2,22-04-2028,Excellent
E2939,Michael Johnson,Marketing,50,1.66,35,82.78,23-04-2028,Good
E2940,James Anderson,HR,38,2.19,44,99.07,24-04-2028,Excellent
E2941,Sophia Martinez,Sales,37,4.68,50,82.18,25-04-2028,Good
E2942,David Wilson,Finance,27,2.1,31,62.12,26-04-2028,Average
E2943,Robert Brown,Finance,19,2.7,37,60.83,27-04-2028,Average
E2944,John Doe,Marketing,49,1.37,41,75.89,28-04-2028,Good
E2945,John Doe,Finance,50,3.7,42,81.64,29-04-2028,Good
E2946,Michael Johnson,Sales,24,0.66,33,88.45,30-04-2028,Good
E2947,Sophia Martinez,Finance,19,4.16,47,70.81,01-05-2028,Average
E2948,David Wilson,HR,40,3.33,49,62.64,02-05-2028,Average
E2949,Robert Brown,Sales,19,4.36,37,96.59,03-05-2028,Excellent
E2950,Michael Johnson,Finance,30,2.08,49,73.13,04-05-2028,Average
E2951,Sophia Martinez,HR,29,1.97,43,63.27,05-05-2028,Average
E2952,John Doe,HR,43,2.02,31,64.32,06-05-2028,Average
E2953,Jane Smith,Sales,23,3.55,38,71.16,07-05-2028,Average
E2954,Olivia Thomas,Marketing,11,1.52,45,71.78,08-05-2028,Average
E2955,James Anderson,Marketing,14,1.94,41,88.08,09-05-2028,Good
E2956,Robert Brown,Sales,49,4.69,31,78.47,10-05-2028,Good
E2957,John Doe,IT,46,3.44,32,82.35,11-05-2028,Good
E2958,Jane Smith,Finance,26,1.23,37,79.61,12-05-2028,Good
E2959,Sarah Lee,HR,21,3.71,37,60.91,13-05-2028,Average
E2960,Michael Johnson,Finance,43,2.52,47,68.92,14-05-2028,Average
E2961,Michael Johnson,Finance,48,4.77,43,99.92,15-05-2028,Excellent
E2962,Olivia Thomas,Finance,43,1.25,40,82.76,16-05-2028,Good
E2963,David Wilson,Finance,30,3.15,43,88.67,17-05-2028,Good
E2964,John Doe,HR,33,3.39,32,84.75,18-05-2028,Good
E2965,John Doe,IT,37,0.53,37,94.68,19-05-2028,Excellent
E2966,Sarah Lee,IT,42,3.79,39,98.47,20-05-2028,Excellent
E2967,Emily Davis,Marketing,12,2.66,43,83.32,21-05-2028,Good
E2968,Sophia Martinez,Sales,29,1.57,36,62.62,22-05-2028,Average
E2969,Sophia Martinez,Finance,34,2.61,44,84.08,23-05-2028,Good
E2970,Jane Smith,Sales,27,4.12,31,63.27,24-05-2028,Average
E2971,John Doe,Finance,45,4.96,38,98.19,25-05-2028,Excellent
E2972,Robert Brown,IT,38,2.25,35,71.78,26-05-2028,Average
E2973,Michael Johnson,IT,42,1.89,42,99.66,27-05-2028,Excellent
E2974,Olivia Thomas,Marketing,40,4.72,33,96.92,28-05-2028,Excellent
E2975,Robert Brown,HR,39,2.52,33,70.66,29-05-2028,Average
E2976,Robert Brown,Sales,39,4.12,43,72.82,30-05-2028,Average
E2977,Emily Davis,Sales,18,2.58,49,72.12,31-05-2028,Average
E2978,Olivia Thomas,Finance,29,4.64,40,67.71,01-06-2028,Average
E2979,John Doe,Finance,12,4.46,31,81.97,02-06-2028,Good
E2980,John Doe,Sales,26,1.51,37,90.43,03-06-2028,Excellent
E2981,Robert Brown,Finance,33,0.67,40,98.18,04-06-2028,Excellent
E2982,Robert Brown,HR,21,3.22,49,83.34,05-06-2028,Good
E2983,Sophia Martinez,Finance,43,4.75,43,91.61,06-06-2028,Excellent
E2984,Michael Johnson,IT,31,3.74,34,71.6,07-06-2028,Average
E2985,Michael Johnson,HR,42,2.86,49,95.61,08-06-2028,Excellent
E2986,Robert Brown,Sales,46,1.98,47,86.45,09-06-2028,Good
E2987,Emily Davis,Sales,50,4.75,32,69.58,10-06-2028,Average
E2988,Olivia Thomas,HR,18,4.89,43,90.07,11-06-2028,Excellent
E2989,Sophia Martinez,HR,22,4.13,30,86.95,12-06-2028,Good
E2990,John Doe,HR,50,2.2,30,71.74,13-06-2028,Average
E2991,David Wilson,HR,22,0.58,42,64.53,14-06-2028,Average
E2992,Robert Brown,Sales,48,4.21,42,65.23,15-06-2028,Average
E2993,Michael Johnson,Marketing,48,4.17,47,78.16,16-06-2028,Good
E2994,James Anderson,Sales,31,4.27,44,94.33,17-06-2028,Excellent
E2995,Sarah Lee,IT,46,2.09,45,89.01,18-06-2028,Good
E2996,Emily Davis,Sales,45,3.12,43,82.5,19-06-2028,Good
E2997,John Doe,Sales,22,2.96,31,95.61,20-06-2028,Excellent
E2998,Sophia Martinez,Marketing,26,4.55,48,90.33,21-06-2028,Excellent
E2999,Robert Brown,Marketing,42,2.6,34,91.48,22-06-2028,Excellent
